localTeam,visitorTeam,localGoals,visitorGoals
Uruguay,Argentina,0,6
Argentina,Uruguay,2,3
Belgium,France,3,3
France,Switzerland,1,0
Belgium,France,7,0
Argentina,Uruguay,0,0
France,Belgium,0,5
Uruguay,Argentina,0,2
Argentina,Uruguay,2,1
Belgium,France,1,2
Switzerland,France,1,2
Switzerland,Germany,5,3
France,Belgium,1,2
Uruguay,Argentina,2,2
Argentina,Uruguay,2,1
Argentina,Uruguay,0,1
Belgium,Sweden,2,1
Germany,Switzerland,1,0
Belgium,France,5,2
Argentina,Uruguay,2,1
Uruguay,Argentina,2,2
Argentina,Uruguay,3,1
France,Belgium,0,4
Switzerland,Germany,2,3
Germany,Belgium,0,3
Argentina,Uruguay,4,1
Uruguay,Argentina,3,1
Argentina,Uruguay,1,1
Argentina,Uruguay,2,6
Germany,Switzerland,6,2
Belgium,Germany,2,1
Switzerland,France,5,2
Belgium,France,7,1
Sweden,Germany,2,4
Argentina,Uruguay,0,2
Uruguay,Argentina,2,3
Uruguay,Argentina,1,1
Argentina,Uruguay,2,0
Germany,Sweden,1,3
Uruguay,Argentina,3,0
France,Belgium,1,1
France,Switzerland,4,1
Belgium,Switzerland,9,2
Switzerland,Germany,1,2
Uruguay,Argentina,2,0
Uruguay,Argentina,3,0
Argentina,Uruguay,0,1
Argentina,Uruguay,3,3
Denmark,Germany,3,1
Uruguay,Argentina,1,3
Belgium,France,3,0
Switzerland,France,1,4
Russia,Sweden,1,4
Switzerland,Belgium,1,2
Germany,Switzerland,1,2
Denmark,Sweden,8,0
Argentina,Uruguay,1,1
Argentina,Uruguay,2,1
Argentina,Uruguay,4,0
Argentina,Uruguay,2,0
Sweden,Denmark,0,10
Uruguay,Argentina,1,0
Germany,Denmark,1,4
Uruguay,Argentina,1,0
Belgium,Switzerland,2,0
Belgium,Germany,6,2
France,Belgium,4,3
France,Switzerland,2,2
Sweden,Russia,2,2
Uruguay,Argentina,3,2
Argentina,Uruguay,2,1
Argentina,Brazil,3,0
Argentina,Brazil,0,1
Denmark,Sweden,2,0
Uruguay,Argentina,2,3
Argentina,Uruguay,2,1
Uruguay,Argentina,2,0
Sweden,Denmark,0,2
Denmark,Sweden,2,0
Argentina,Brazil,1,1
Brazil,Uruguay,1,2
Argentina,Uruguay,0,0
Uruguay,Brazil,0,1
Argentina,Uruguay,3,1
Uruguay,Argentina,1,2
Argentina,Uruguay,7,2
Uruguay,Argentina,0,1
Sweden,Denmark,4,0
Uruguay,Argentina,3,1
Denmark,Sweden,1,1
Uruguay,Argentina,0,2
Argentina,Uruguay,1,0
Uruguay,Argentina,1,0
Argentina,Brazil,4,2
Uruguay,Brazil,4,0
Sweden,Denmark,1,2
Uruguay,Argentina,1,0
Uruguay,Brazil,3,1
Denmark,Sweden,3,0
Uruguay,Argentina,1,1
Uruguay,Argentina,3,1
Argentina,Uruguay,0,0
Argentina,Uruguay,2,1
Uruguay,Argentina,1,1
Argentina,Uruguay,2,0
Sweden,Denmark,1,2
Belgium,France,2,2
Argentina,Uruguay,2,3
Brazil,Argentina,3,1
Brazil,Uruguay,2,2
Brazil,Uruguay,1,0
Brazil,Argentina,3,3
Denmark,Sweden,3,0
Uruguay,Argentina,4,1
Uruguay,Argentina,2,1
Argentina,Uruguay,1,2
Sweden,Denmark,3,0
Argentina,Uruguay,6,1
Uruguay,Argentina,4,2
Switzerland,France,0,2
France,Belgium,2,1
Sweden,Switzerland,0,1
Switzerland,Germany,4,1
Uruguay,Argentina,2,0
Argentina,Uruguay,1,3
Argentina,Uruguay,1,0
Uruguay,Argentina,1,1
Brazil,Uruguay,0,6
Argentina,Brazil,2,0
Sweden,Denmark,0,2
Belgium,France,3,1
Belgium,England,0,2
Argentina,Brazil,1,0
Sweden,Denmark,0,0
Brazil,Uruguay,1,2
Argentina,Uruguay,1,0
Spain,Portugal,3,1
France,Belgium,2,1
Germany,Switzerland,2,2
Belgium,Denmark,0,0
France,Spain,0,4
Sweden,Poland,1,2
Brazil,Uruguay,0,0
Denmark,Sweden,1,2
Argentina,Uruguay,0,1
Brazil,Argentina,2,0
Brazil,Argentina,2,1
Uruguay,Argentina,1,0
Uruguay,Argentina,1,0
Argentina,Uruguay,2,2
Portugal,Spain,1,2
Spain,France,3,0
Belgium,Spain,1,0
Belgium,France,4,1
England,Belgium,6,1
France,Switzerland,2,2
France,England,1,4
Sweden,England,2,4
Sweden,England,1,3
Switzerland,Germany,1,2
Denmark,Switzerland,3,2
Argentina,Uruguay,0,0
Sweden,Germany,2,1
Argentina,Uruguay,2,2
Uruguay,Argentina,2,2
Uruguay,Argentina,0,2
Sweden,Denmark,1,3
Belgium,England,2,2
Poland,Sweden,2,2
Argentina,Brazil,2,1
Uruguay,Brazil,2,1
Argentina,Brazil,0,2
Uruguay,Argentina,2,0
Argentina,Brazil,2,0
Spain,Portugal,3,0
France,Belgium,2,0
Switzerland,France,3,0
Switzerland,Denmark,2,0
France,England,1,3
Sweden,Poland,5,1
Argentina,Uruguay,4,0
Uruguay,Argentina,2,0
Denmark,Sweden,2,3
Germany,Sweden,1,4
Uruguay,Argentina,1,1
Argentina,Uruguay,2,1
Denmark,Belgium,2,1
Uruguay,Argentina,0,0
Belgium,France,3,0
England,Belgium,4,0
Germany,Switzerland,1,1
France,England,2,3
Switzerland,Belgium,0,0
Switzerland,Spain,0,3
Sweden,Denmark,0,2
Sweden,Germany,1,0
Switzerland,Germany,0,4
Poland,Sweden,2,6
Argentina,Brazil,4,1
Argentina,Brazil,2,2
France,Belgium,4,3
France,Portugal,4,2
France,Switzerland,1,0
Belgium,England,3,5
Belgium,France,2,2
Germany,Sweden,3,3
Denmark,Sweden,2,0
Sweden,Poland,3,1
Argentina,Uruguay,0,2
Germany,Switzerland,2,3
Portugal,France,4,0
Belgium,Sweden,2,1
Spain,Switzerland,1,0
Belgium,England,1,9
France,Spain,1,4
France,England,0,6
Sweden,Denmark,0,0
Uruguay,Argentina,0,1
Argentina,Uruguay,0,1
Sweden,Belgium,7,0
Denmark,Germany,3,1
Peru,Uruguay,0,4
Switzerland,Sweden,2,2
Argentina,Uruguay,3,2
Peru,Argentina,1,5
Portugal,Spain,2,2
Switzerland,France,4,3
Portugal,Argentina,0,0
France,Belgium,2,3
Switzerland,Germany,2,3
France,Portugal,1,1
France,England,1,5
Belgium,England,1,3
Poland,Sweden,2,1
Argentina,Uruguay,1,0
Germany,Denmark,2,1
Uruguay,Argentina,2,2
Sweden,Germany,2,0
Denmark,Sweden,3,1
Germany,Switzerland,7,1
Spain,Portugal,5,0
France,Portugal,2,0
Spain,France,8,1
France,England,1,4
Belgium,England,1,5
Spain,England,4,3
Belgium,France,4,1
Argentina,Uruguay,2,0
Sweden,Denmark,3,2
Uruguay,Argentina,1,1
Germany,Sweden,3,0
Uruguay,Argentina,2,1
Argentina,Uruguay,0,0
Argentina,Peru,3,0
Peru,Uruguay,1,4
Argentina,Uruguay,2,0
Portugal,France,2,0
France,Switzerland,3,3
France,Belgium,1,6
Switzerland,Germany,0,5
Germany,England,3,3
Argentina,Uruguay,1,1
Belgium,France,1,2
Belgium,Portugal,2,1
Sweden,Switzerland,1,0
Denmark,Sweden,6,1
France,Mexico,4,1
Argentina,France,1,0
Uruguay,Peru,1,0
Argentina,Mexico,6,3
Uruguay,Argentina,4,2
Brazil,France,3,2
Denmark,Germany,6,3
Belgium,Sweden,2,2
Sweden,Poland,0,3
Portugal,Spain,0,1
France,Belgium,2,2
France,Germany,1,0
France,England,5,2
Belgium,England,1,4
Portugal,Belgium,3,2
Sweden,Germany,0,0
Sweden,Denmark,3,1
Brazil,Uruguay,2,0
Germany,Denmark,4,2
Belgium,Poland,2,1
Belgium,Switzerland,2,1
England,Spain,7,1
Germany,Switzerland,2,0
Switzerland,France,3,3
Belgium,France,5,2
Argentina,Uruguay,2,0
Uruguay,Argentina,1,0
Denmark,Belgium,3,4
Sweden,Belgium,3,1
Denmark,Sweden,3,1
Poland,Sweden,2,0
Germany,Sweden,4,3
Switzerland,Sweden,2,1
Uruguay,Brazil,1,2
Uruguay,Argentina,2,1
Argentina,Uruguay,4,1
Switzerland,Belgium,3,3
Germany,France,3,3
France,Belgium,3,0
Spain,Portugal,3,0
France,Spain,1,0
Switzerland,England,0,4
Poland,Belgium,0,1
Sweden,Denmark,2,3
Germany,Belgium,8,1
Switzerland,Germany,0,2
Belgium,Denmark,2,2
Germany,Poland,1,0
England,France,4,1
Uruguay,Argentina,0,1
Belgium,France,2,3
France,Switzerland,0,1
Spain,Portugal,9,0
Portugal,Spain,1,2
Denmark,Poland,4,2
Sweden,Poland,4,2
Argentina,Sweden,2,3
Belgium,Germany,2,5
Brazil,Spain,1,3
Germany,Sweden,2,1
Denmark,Sweden,3,5
Uruguay,Argentina,2,2
Argentina,Uruguay,1,0
Poland,Germany,2,5
Denmark,Germany,2,5
Peru,Uruguay,0,1
Peru,Argentina,1,4
Spain,France,2,0
Argentina,Uruguay,0,3
Germany,Switzerland,4,0
France,Germany,1,3
Belgium,France,1,1
Belgium,Germany,1,6
Portugal,Spain,3,3
Germany,Spain,1,2
Belgium,Switzerland,2,2
Sweden,Denmark,3,1
Sweden,Germany,3,1
Uruguay,Argentina,1,1
Argentina,Uruguay,3,0
Germany,Poland,1,0
Switzerland,France,2,1
France,Sweden,2,0
Belgium,Sweden,5,1
England,Germany,3,0
Belgium,Poland,0,2
Spain,Germany,1,2
Portugal,Germany,1,3
France,Belgium,3,0
Switzerland,Spain,0,2
Belgium,England,3,2
Switzerland,Belgium,1,1
Denmark,Sweden,4,3
Sweden,Switzerland,5,2
Argentina,Uruguay,1,0
Poland,Germany,1,1
Uruguay,Argentina,2,1
Denmark,Poland,2,1
Brazil,Peru,3,2
Peru,Uruguay,2,4
Argentina,Peru,1,0
Brazil,Uruguay,3,2
Argentina,Uruguay,2,3
Argentina,Brazil,1,0
Argentina,Brazil,2,0
Belgium,France,3,1
Germany,France,4,0
Belgium,Switzerland,1,2
Germany,Belgium,1,0
Switzerland,Germany,0,1
Germany,Denmark,8,0
Sweden,England,0,4
Poland,Sweden,3,1
Poland,Denmark,3,1
Sweden,Denmark,1,2
France,Switzerland,2,1
Uruguay,Argentina,0,3
Argentina,Uruguay,5,1
Germany,Sweden,5,0
Spain,Portugal,1,2
France,Belgium,5,3
Portugal,Spain,1,0
Germany,Switzerland,1,1
Switzerland,Poland,3,3
Germany,Portugal,1,1
Switzerland,Portugal,2,1
Switzerland,Belgium,0,3
Germany,England,3,6
Switzerland,England,2,1
France,England,2,4
Germany,Switzerland,1,1
Brazil,Poland,6,5
France,Belgium,3,1
Germany,Switzerland,2,4
Argentina,Uruguay,1,0
Brazil,Sweden,4,2
Denmark,Sweden,0,1
Colombia,Peru,2,4
Germany,Poland,4,1
Uruguay,Argentina,2,3
Switzerland,Portugal,1,0
Brazil,Argentina,1,5
Brazil,Argentina,3,2
France,Poland,4,0
Belgium,Germany,1,4
Peru,Uruguay,2,1
Portugal,Switzerland,2,4
Belgium,Switzerland,1,2
Belgium,France,1,3
Poland,Belgium,3,3
Poland,Switzerland,1,1
Denmark,Germany,0,2
Sweden,Denmark,4,1
France,Portugal,3,2
Brazil,Argentina,2,2
Brazil,Argentina,0,3
Argentina,Brazil,6,1
Argentina,Brazil,2,3
Argentina,Brazil,5,1
Brazil,Uruguay,3,4
Brazil,Uruguay,1,1
Croatia,Switzerland,4,0
Switzerland,Croatia,0,1
Uruguay,Argentina,3,0
Argentina,Uruguay,5,0
Sweden,Denmark,1,1
Denmark,Sweden,3,3
Germany,Denmark,1,0
Portugal,Spain,2,2
Peru,Argentina,1,1
Peru,Argentina,1,1
Peru,Argentina,0,3
Argentina,Peru,2,1
Argentina,Uruguay,1,0
Peru,Uruguay,0,2
Germany,Switzerland,4,2
Spain,Portugal,5,1
Switzerland,Germany,2,1
Costa Rica,Panama,7,0
Germany,Croatia,5,1
Sweden,Denmark,2,2
Sweden,Germany,4,2
Denmark,Sweden,2,1
Germany,Denmark,1,1
Spain,Switzerland,3,2
Portugal,Switzerland,3,0
Argentina,Brazil,2,1
Brazil,Peru,2,1
Uruguay,Brazil,1,0
Argentina,Peru,3,1
Germany,Switzerland,1,2
Uruguay,Peru,3,0
Uruguay,Argentina,1,0
France,Switzerland,0,2
Spain,France,4,0
Germany,Spain,1,1
Argentina,Uruguay,4,1
Denmark,Sweden,0,3
Uruguay,Argentina,1,1
Germany,Sweden,2,3
Sweden,Denmark,2,1
Switzerland,Germany,3,5
Germany,Croatia,5,1
Switzerland,Sweden,3,1
Argentina,Uruguay,3,3
Switzerland,Croatia,1,0
Uruguay,Argentina,0,1
Sweden,Switzerland,1,0
Denmark,Sweden,3,2
Brazil,Uruguay,6,1
Brazil,Uruguay,4,0
France,Belgium,3,1
Brazil,Colombia,3,0
Colombia,Uruguay,0,7
Argentina,Colombia,9,1
Brazil,Uruguay,3,0
Argentina,Brazil,3,1
Argentina,Uruguay,1,0
Portugal,Spain,2,2
Switzerland,France,1,0
Spain,Portugal,4,2
Switzerland,Portugal,1,0
England,France,2,2
Sweden,Denmark,2,1
Denmark,Sweden,3,4
Uruguay,Argentina,2,2
Switzerland,England,3,1
Argentina,Uruguay,6,2
Sweden,Denmark,4,1
Switzerland,Sweden,3,0
Belgium,France,2,1
Brazil,Argentina,3,4
Brazil,Argentina,6,2
Brazil,Argentina,3,1
Uruguay,Brazil,4,3
England,Belgium,2,0
Brazil,Uruguay,4,3
Argentina,Uruguay,3,1
Argentina,Brazil,2,0
Costa Rica,Panama,7,0
Portugal,France,2,1
England,Switzerland,4,1
France,England,2,1
Denmark,Sweden,3,1
Sweden,Switzerland,7,2
Iceland,Denmark,0,3
Sweden,Denmark,3,3
Portugal,Switzerland,2,2
Portugal,Spain,4,1
France,Portugal,1,0
Uruguay,Brazil,0,0
Brazil,Uruguay,3,2
England,France,3,0
Switzerland,England,1,0
Portugal,England,0,10
France,Belgium,4,2
Switzerland,France,1,2
Denmark,Sweden,1,4
Sweden,Denmark,6,1
Sweden,Poland,5,4
Belgium,England,2,5
Switzerland,Belgium,4,0
England,Sweden,4,2
Portugal,France,2,4
Colombia,Uruguay,0,2
Argentina,Peru,3,2
Argentina,Colombia,6,0
Colombia,Peru,1,5
Peru,Uruguay,0,1
Argentina,Uruguay,3,1
Costa Rica,Panama,3,1
Spain,Portugal,2,0
Uruguay,Brazil,1,1
Uruguay,Brazil,4,2
Belgium,France,4,2
Switzerland,Spain,3,3
Denmark,Poland,8,0
Denmark,England,0,0
Sweden,Denmark,1,0
France,Belgium,3,3
England,Switzerland,6,0
Spain,Belgium,1,1
Portugal,Spain,1,1
Colombia,Peru,0,4
Brazil,Colombia,5,0
Brazil,Peru,7,1
Uruguay,Colombia,2,2
Brazil,Uruguay,5,1
Peru,Uruguay,4,3
Sweden,England,3,1
France,England,1,3
France,Switzerland,4,2
France,Spain,1,5
Poland,Denmark,1,2
Denmark,Iceland,5,1
Belgium,Switzerland,3,0
Denmark,Sweden,3,2
Croatia,Serbia,4,1
Spain,Portugal,5,1
Portugal,Spain,2,2
Brazil,Uruguay,3,4
Brazil,Uruguay,3,2
Portugal,England,3,5
Belgium,England,1,4
Belgium,France,4,1
Brazil,Mexico,4,0
Brazil,Switzerland,2,2
England,Spain,0,1
Mexico,Switzerland,1,2
Brazil,Sweden,7,1
Spain,Uruguay,2,2
Brazil,Spain,6,1
Sweden,Uruguay,2,3
Brazil,Uruguay,1,2
Spain,Sweden,1,3
Sweden,Denmark,4,0
France,Belgium,3,3
Switzerland,Sweden,4,2
Germany,Switzerland,1,0
Spain,Switzerland,6,3
Panama,Costa Rica,2,0
Panama,Costa Rica,1,1
Switzerland,Germany,2,3
England,Argentina,2,1
England,Portugal,5,2
Belgium,Spain,3,3
Portugal,Belgium,1,1
Sweden,Spain,0,0
Iceland,Sweden,4,3
England,France,2,2
Switzerland,France,1,2
Denmark,Sweden,3,1
Mexico,Uruguay,1,3
Panama,Peru,1,7
France,Sweden,0,1
Peru,Uruguay,2,5
Brazil,Mexico,2,0
Panama,Uruguay,1,6
Brazil,Peru,0,0
Mexico,Panama,4,2
Brazil,Panama,5,0
Brazil,Uruguay,4,2
France,Portugal,3,0
Mexico,Peru,0,3
Belgium,France,1,2
Switzerland,England,0,3
Denmark,Sweden,0,2
Sweden,Denmark,4,3
France,Germany,3,1
Germany,Switzerland,5,1
England,Belgium,5,0
Spain,Argentina,0,1
Portugal,Argentina,1,3
France,Belgium,0,1
Spain,Germany,2,2
Costa Rica,Panama,3,0
Brazil,Uruguay,1,0
Peru,Brazil,1,0
Spain,Belgium,3,1
Peru,Uruguay,0,3
Argentina,England,3,1
Argentina,England,0,0
Sweden,Belgium,2,3
Uruguay,England,2,1
Sweden,France,1,0
Denmark,Sweden,1,3
Switzerland,Denmark,1,4
Argentina,Spain,1,0
Denmark,Iceland,4,0
Belgium,Sweden,2,0
Spain,Sweden,2,2
France,Switzerland,2,4
Switzerland,Belgium,2,2
Japan,Korea Republic,1,5
Belgium,Portugal,0,0
Japan,Korea Republic,2,2
Switzerland,Germany,3,5
Switzerland,Uruguay,3,3
Belgium,France,3,3
Brazil,Mexico,5,0
Belgium,England,4,4
France,Mexico,3,2
Switzerland,England,0,2
England,Uruguay,2,4
Sweden,Iceland,3,2
Russia,Sweden,7,0
Denmark,Switzerland,1,1
Belgium,Germany,2,0
Sweden,Denmark,5,2
Germany,France,1,3
France,Belgium,2,2
Portugal,Argentina,1,3
England,Germany,3,1
Portugal,Germany,0,3
Spain,France,1,2
Argentina,Uruguay,6,1
Peru,Uruguay,2,1
France,Sweden,2,0
Argentina,Peru,2,2
France,England,1,0
Spain,England,1,1
Portugal,England,3,1
Switzerland,Spain,0,3
Sweden,Russia,0,6
Iceland,Denmark,0,4
Russia,Germany,3,2
Denmark,England,1,5
Switzerland,France,1,2
Denmark,Sweden,3,3
Russia,France,2,2
Portugal,Sweden,2,6
England,Spain,4,1
Belgium,France,2,1
Argentina,Peru,2,1
Uruguay,Peru,2,0
Brazil,Peru,2,1
Argentina,Brazil,0,1
Uruguay,Brazil,0,0
Uruguay,Argentina,1,0
Mexico,Costa Rica,1,1
Argentina,Peru,0,0
Mexico,Peru,0,2
Argentina,Costa Rica,4,3
Brazil,Peru,1,0
Mexico,Brazil,1,2
Belgium,Switzerland,1,3
Brazil,Costa Rica,7,1
Mexico,Argentina,0,0
Costa Rica,Peru,4,2
Argentina,Brazil,2,2
Portugal,Brazil,0,1
Switzerland,Brazil,1,1
England,Brazil,4,2
Sweden,England,0,0
Russia,Denmark,5,1
Portugal,Spain,3,1
Brazil,Uruguay,2,0
Sweden,Germany,2,2
Denmark,Russia,2,5
Uruguay,Argentina,1,2
Argentina,Brazil,0,0
Germany,Russia,1,2
Uruguay,Argentina,1,2
France,Russia,2,1
Sweden,Denmark,1,1
France,Belgium,6,3
Argentina,Uruguay,2,2
Germany,Switzerland,1,3
England,Denmark,5,2
Germany,Belgium,4,1
Spain,Switzerland,2,2
Argentina,Colombia,8,2
Colombia,Uruguay,1,0
Argentina,Uruguay,4,0
Peru,Uruguay,3,5
Brazil,Colombia,9,0
Peru,Colombia,4,1
Brazil,Uruguay,2,3
Belgium,Spain,0,5
Peru,Brazil,0,1
Argentina,Brazil,3,0
Peru,Argentina,2,1
Peru,Argentina,1,4
Peru,Brazil,1,1
Brazil,Peru,1,0
Denmark,England,1,4
Uruguay,Argentina,0,0
France,Iceland,8,0
Argentina,Uruguay,1,1
Belgium,Iceland,8,3
Brazil,Portugal,2,1
Brazil,Portugal,3,0
Colombia,Uruguay,1,1
Russia,Poland,3,0
Denmark,Sweden,1,2
Uruguay,Colombia,1,0
Brazil,Argentina,1,2
Brazil,Argentina,2,0
Iceland,Denmark,2,6
Iceland,France,1,5
Iceland,Belgium,2,5
Mexico,Costa Rica,2,0
Poland,Russia,2,1
Belgium,France,0,0
Costa Rica,Mexico,1,1
Germany,Sweden,1,0
Poland,Russia,0,2
Switzerland,Spain,1,4
England,France,4,0
Belgium,Germany,0,2
France,Spain,2,2
Germany,Spain,2,0
Uruguay,Argentina,1,0
Spain,Portugal,1,0
France,Switzerland,0,0
Argentina,Uruguay,2,0
England,Portugal,2,1
Sweden,Switzerland,3,2
Russia,England,1,1
Denmark,Poland,3,2
Switzerland,Belgium,0,2
Argentina,Germany,1,3
England,Russia,2,2
Sweden,Mexico,3,0
Brazil,England,0,0
Brazil,Russia,2,0
England,Russia,0,1
Sweden,Russia,2,0
Brazil,France,5,2
Sweden,Germany,3,1
France,Germany,6,3
Sweden,Brazil,2,5
Denmark,Germany,1,1
England,Russia,5,0
France,Germany,2,2
Sweden,Denmark,4,4
France,Belgium,2,2
Mexico,Costa Rica,3,1
Costa Rica,Mexico,1,2
Brazil,Peru,2,2
Peru,Uruguay,5,3
Argentina,Peru,3,1
Brazil,Uruguay,3,1
Argentina,Uruguay,4,1
Argentina,Brazil,1,1
Brazil,England,2,0
Switzerland,Portugal,4,3
Peru,England,4,1
Germany,Poland,1,1
Sweden,Portugal,2,0
Mexico,England,2,1
Denmark,Sweden,0,6
Poland,Spain,2,4
Japan,Korea Republic,0,0
Japan,Korea Republic,1,3
Switzerland,Germany,0,4
Spain,Poland,3,0
England,Sweden,2,3
France,Portugal,5,3
Brazil,Uruguay,0,3
Argentina,Uruguay,0,5
France,Spain,4,3
Argentina,Brazil,4,1
Belgium,France,1,0
Brazil,Mexico,2,2
Costa Rica,Argentina,0,0
Argentina,Mexico,3,2
Costa Rica,Brazil,3,0
Argentina,Brazil,2,1
Brazil,Mexico,2,1
Costa Rica,Argentina,0,2
Argentina,Mexico,2,0
Costa Rica,Brazil,0,4
Argentina,Brazil,0,1
Belgium,Switzerland,3,1
Germany,Portugal,2,1
Denmark,Brazil,3,4
Spain,England,3,0
Russia,Poland,7,1
Argentina,Brazil,4,2
Argentina,Brazil,1,4
Uruguay,Brazil,1,0
Peru,Spain,1,3
Brazil,Argentina,5,1
Argentina,Spain,2,0
Iceland,Germany,0,5
Argentina,Uruguay,4,0
Poland,France,2,2
Switzerland,France,6,2
Sweden,Belgium,2,0
Sweden,Denmark,2,0
England,Spain,4,2
Morocco,Tunisia,2,1
Sweden,France,1,0
Korea Republic,Japan,2,1
Tunisia,Morocco,2,1
Belgium,Switzerland,2,4
Morocco,Tunisia,1,1
Germany,Belgium,1,0
France,Belgium,1,1
Costa Rica,Mexico,1,0
Spain,France,2,0
Mexico,Costa Rica,4,1
Colombia,Peru,1,0
Peru,Colombia,1,1
England,Mexico,8,0
Switzerland,Belgium,2,1
Poland,Russia,1,0
Portugal,England,1,1
Sweden,Switzerland,4,0
Portugal,Argentina,0,2
Japan,Korea Republic,0,2
Spain,Argentina,2,0
Denmark,Sweden,1,2
Russia,Argentina,0,0
Germany,Denmark,5,1
Belgium,Sweden,0,2
Poland,Germany,0,2
Belgium,France,3,0
England,Portugal,2,0
Switzerland,Sweden,3,2
Poland,Denmark,5,0
Morocco,Spain,0,1
Switzerland,Sweden,2,1
Argentina,Russia,1,2
Spain,Morocco,3,2
Nigeria,Tunisia,2,1
Uruguay,Russia,1,2
France,Spain,1,1
Tunisia,Nigeria,2,0
Uruguay,Argentina,1,1
Argentina,Mexico,1,0
Colombia,Mexico,0,1
Colombia,Mexico,2,2
France,Poland,1,3
Germany,Uruguay,3,0
Morocco,Poland,1,3
Sweden,Russia,0,2
Mexico,Colombia,1,0
Russia,Uruguay,5,0
Brazil,Portugal,2,1
Brazil,Portugal,1,0
England,Switzerland,3,1
Portugal,Belgium,1,2
Peru,England,0,4
Poland,Belgium,2,0
Brazil,Mexico,2,0
Colombia,Uruguay,1,2
Argentina,England,1,3
Colombia,Russia,4,4
Germany,Switzerland,2,1
Mexico,Spain,0,1
Brazil,Spain,2,1
Russia,Uruguay,2,1
Brazil,England,3,1
Argentina,Uruguay,3,1
England,France,1,1
Poland,Morocco,1,1
Germany,France,2,2
Sweden,Denmark,4,2
Belgium,Spain,1,1
Germany,Switzerland,5,1
Spain,France,0,0
Morocco,Switzerland,1,0
France,England,5,2
Nigeria,Senegal,4,0
Argentina,Colombia,4,2
Brazil,Peru,1,0
Argentina,Peru,1,2
Brazil,Colombia,5,1
Argentina,Brazil,3,0
Colombia,Peru,1,1
Costa Rica,Mexico,0,0
Brazil,Argentina,2,3
Brazil,Argentina,5,2
Portugal,Brazil,1,0
Belgium,Brazil,5,1
France,Brazil,2,3
Germany,Brazil,1,2
England,Brazil,1,1
Russia,Sweden,0,1
Switzerland,England,1,8
Morocco,Tunisia,4,2
Korea Republic,Japan,1,1
Colombia,Costa Rica,4,5
Colombia,Costa Rica,1,0
Denmark,Sweden,2,2
Sweden,Germany,2,1
France,Switzerland,2,2
Morocco,Russia,1,1
Spain,Belgium,1,2
Tunisia,Algeria,0,0
France,Belgium,1,2
Morocco,Germany,1,4
Algeria,Germany,2,0
Switzerland,Belgium,2,0
Switzerland,Portugal,2,3
Belgium,Portugal,1,2
England,Uruguay,2,1
Sweden,Russia,1,1
Portugal,England,3,4
Russia,Uruguay,1,0
Russia,Sweden,3,1
Brazil,England,5,1
Argentina,Portugal,2,0
Brazil,Argentina,0,3
England,Portugal,1,1
Argentina,England,1,0
Brazil,Portugal,4,1
Denmark,Russia,0,3
Spain,Russia,2,1
Sweden,Denmark,4,1
Sweden,Poland,3,3
England,Belgium,2,2
Algeria,Russia,2,2
Germany,Sweden,1,1
Portugal,Spain,2,1
Belgium,France,3,0
Tunisia,Morocco,0,0
Costa Rica,Mexico,1,1
Belgium,Poland,0,0
Costa Rica,Mexico,0,0
Morocco,Tunisia,0,1
Germany,England,0,1
Mexico,Costa Rica,1,0
Sweden,England,1,2
Switzerland,Germany,0,1
Brazil,Belgium,5,0
France,Argentina,0,0
Brazil,Germany,2,0
Peru,Uruguay,0,1
Brazil,Argentina,0,0
Uruguay,Peru,2,1
Algeria,Brazil,0,3
Denmark,Sweden,2,1
Portugal,Brazil,0,0
Russia,Denmark,6,0
Sweden,Brazil,1,2
Russia,Brazil,0,3
Iceland,Denmark,1,3
Brazil,Uruguay,3,0
Sweden,Germany,1,2
Denmark,Russia,1,3
Algeria,Morocco,0,0
Tunisia,Senegal,0,0
Brazil,Russia,2,2
Argentina,Russia,1,1
Uruguay,Russia,1,3
Spain,England,0,2
England,Poland,1,1
England,Germany,1,0
Morocco,Algeria,1,0
France,Belgium,0,3
Switzerland,Russia,2,2
Poland,Sweden,1,1
Belgium,Russia,0,1
Brazil,Peru,4,0
Brazil,Poland,4,1
Russia,France,3,3
Brazil,Poland,2,1
Brazil,Peru,3,1
Argentina,Poland,1,1
Switzerland,Mexico,1,1
Denmark,Portugal,1,3
Spain,Uruguay,1,1
Portugal,Uruguay,3,0
Sweden,Brazil,2,3
Denmark,England,0,2
Poland,England,0,1
England,Uruguay,0,0
Germany,Switzerland,5,0
Argentina,Spain,2,1
France,Mexico,1,1
France,Uruguay,1,2
Spain,Switzerland,2,1
Argentina,Germany,0,0
England,Mexico,2,0
Argentina,Switzerland,2,0
Brazil,Portugal,1,3
Mexico,Uruguay,0,0
England,France,2,0
Germany,Spain,2,1
England,Argentina,1,0
Germany,Uruguay,4,0
Germany,Russia,2,1
England,Portugal,2,1
Portugal,Russia,2,1
England,Germany,4,2
Belgium,Switzerland,1,0
France,Poland,2,1
Sweden,Denmark,2,1
Belgium,France,2,1
Portugal,Sweden,1,2
Algeria,Morocco,2,2
Mexico,Switzerland,3,0
Mexico,Switzerland,0,2
Uruguay,Argentina,1,0
Germany,Morocco,5,1
Poland,Belgium,3,1
England,Spain,2,0
Russia,Mexico,2,0
Russia,Mexico,0,1
Sweden,Portugal,1,1
France,Russia,2,4
Denmark,Sweden,1,1
Uruguay,Brazil,0,0
Uruguay,Brazil,2,2
Uruguay,Brazil,1,1
Peru,Uruguay,0,1
Peru,Uruguay,1,2
Japan,Korea Republic,2,1
Mexico,Argentina,2,1
Denmark,Iceland,14,2
Poland,France,1,4
Germany,France,5,1
Russia,Switzerland,2,2
Belgium,Poland,2,4
France,Belgium,1,1
Australia,Korea Republic,3,2
England,Russia,2,2
Saudi Arabia,Tunisia,4,0
Spain,Sweden,3,1
Mexico,Russia,0,0
Belgium,Germany,1,3
Mexico,Russia,1,1
Mexico,Russia,0,0
Morocco,Algeria,0,0
Mexico,Japan,4,0
Australia,Japan,2,2
Australia,Japan,3,1
England,Spain,1,0
Australia,Japan,1,3
Switzerland,Germany,0,0
Russia,Belgium,1,0
Sweden,Spain,1,1
Spain,England,1,2
Mexico,Uruguay,3,3
England,Sweden,3,1
Mexico,Uruguay,2,2
Germany,England,1,0
Argentina,Uruguay,2,0
England,Russia,2,0
Brazil,Uruguay,2,0
Brazil,Uruguay,4,0
Germany,Brazil,2,1
Poland,Brazil,3,6
Uruguay,Argentina,2,1
Sweden,Denmark,2,1
Portugal,Brazil,0,2
Mexico,Brazil,0,2
Mexico,Brazil,2,1
Peru,Brazil,3,4
Peru,Brazil,0,4
Sweden,Russia,2,2
Brazil,Argentina,4,1
Brazil,Argentina,3,2
Peru,Argentina,2,2
Peru,Argentina,1,1
France,Germany,1,1
Colombia,Mexico,0,1
France,Spain,1,3
Peru,Mexico,3,3
Uruguay,Mexico,0,2
Brazil,Mexico,1,2
Brazil,Mexico,2,1
Morocco,Senegal,1,0
Algeria,Tunisia,1,2
Spain,Belgium,1,1
Brazil,Germany,2,2
Argentina,Poland,1,0
Mexico,Germany,0,0
Tunisia,Algeria,0,0
Senegal,Morocco,2,1
Mexico,Denmark,3,0
Mexico,Colombia,1,0
Morocco,Senegal,2,0
Colombia,Russia,1,3
Belgium,Spain,2,1
Algeria,Morocco,2,0
England,France,5,0
Spain,Switzerland,1,0
Portugal,Mexico,0,0
Brazil,Peru,2,1
Brazil,Peru,3,2
Belgium,Mexico,2,0
Portugal,Switzerland,0,2
Spain,Mexico,0,0
Tunisia,Morocco,0,0
Sweden,Mexico,1,0
Denmark,Mexico,3,1
Colombia,Peru,1,3
Morocco,Tunisia,0,0
Mexico,Peru,0,1
Mexico,Peru,3,0
Mexico,England,0,0
Mexico,England,0,4
Uruguay,England,1,2
Brazil,England,2,1
Tunisia,Morocco,2,2
Peru,Colombia,1,1
Denmark,Sweden,0,1
Peru,Uruguay,1,0
Colombia,Uruguay,0,1
Peru,Argentina,1,0
Colombia,Brazil,0,2
Russia,Sweden,0,1
Brazil,Colombia,6,2
Argentina,Peru,2,2
Morocco,Nigeria,2,1
Japan,Australia,1,3
Korea Republic,Japan,2,2
Korea Republic,Australia,1,2
Sweden,France,2,0
Australia,Japan,1,1
Korea Republic,Japan,2,0
Korea Republic,Australia,1,1
Algeria,Morocco,1,0
France,Sweden,3,0
Switzerland,Portugal,1,1
Mexico,Belgium,1,0
Nigeria,Morocco,2,0
England,Portugal,1,0
Spain,Germany,2,0
Peru,Russia,0,0
Peru,Russia,0,2
Mexico,Sweden,0,0
Belgium,England,1,3
Mexico,Russia,0,0
Mexico,Sweden,0,1
Brazil,Argentina,0,2
Peru,Mexico,0,1
Brazil,Argentina,2,1
Peru,Mexico,1,0
Mexico,Peru,3,1
Mexico,Peru,3,3
Uruguay,Peru,2,0
Argentina,Uruguay,2,1
Uruguay,Argentina,2,1
Switzerland,Spain,0,1
Switzerland,France,2,1
Denmark,Poland,0,2
Colombia,England,0,4
Mexico,Russia,0,0
Germany,Morocco,2,1
Belgium,Russia,1,4
Morocco,Peru,0,3
Brazil,England,1,0
Germany,Peru,3,1
Sweden,Uruguay,1,0
Mexico,Belgium,1,0
Brazil,Peru,4,2
England,Germany,2,3
Russia,Uruguay,0,1
Brazil,Uruguay,3,1
Germany,Uruguay,1,0
Sweden,Denmark,1,1
Iceland,Denmark,0,0
Japan,Korea Republic,1,1
Poland,Denmark,5,0
Brazil,Mexico,2,1
Denmark,Portugal,0,1
Iran,Australia,1,2
Belgium,France,1,2
Belgium,Denmark,2,0
Algeria,Morocco,3,1
Morocco,Algeria,3,0
Argentina,France,3,4
Argentina,France,2,0
Belgium,Portugal,3,0
Mexico,Russia,0,0
Mexico,Russia,0,0
Spain,France,2,2
Switzerland,Poland,2,4
Portugal,Denmark,5,0
Denmark,Belgium,1,2
Russia,Spain,2,1
Denmark,Sweden,1,3
Sweden,Germany,1,0
Denmark,Germany,1,3
Argentina,Uruguay,1,0
Uruguay,Argentina,1,1
Argentina,Brazil,1,1
Denmark,Japan,3,2
Argentina,Brazil,2,2
Iceland,Japan,0,2
Germany,Mexico,5,0
Korea Republic,Iran,2,0
Korea Republic,Iran,0,2
Poland,Germany,1,3
Switzerland,England,2,3
Spain,Russia,0,0
England,Switzerland,1,1
Germany,Poland,0,0
Portugal,Belgium,1,1
Costa Rica,Mexico,0,1
Senegal,Morocco,1,3
Nigeria,Morocco,3,0
Colombia,Peru,1,1
Mexico,Peru,2,1
Russia,Peru,2,0
Switzerland,Sweden,1,1
England,Germany,1,3
Poland,Switzerland,0,0
Germany,England,0,0
Belgium,Iceland,4,0
Iran,Korea Republic,2,1
Belgium,Iceland,4,0
Spain,Uruguay,2,0
Germany,Russia,4,1
Tunisia,Algeria,3,1
Belgium,Germany,1,2
Iran,Portugal,0,3
Colombia,France,2,3
Germany,Russia,3,0
Argentina,Colombia,4,1
Argentina,France,0,0
Argentina,Portugal,1,3
Sweden,Denmark,2,0
Uruguay,Russia,0,1
Argentina,Russia,1,0
Portugal,Uruguay,1,1
Iceland,Denmark,2,5
Argentina,Uruguay,1,0
Portugal,Russia,1,0
Brazil,Portugal,1,0
Japan,Korea Republic,0,3
Costa Rica,Mexico,1,0
Sweden,Russia,4,4
Peru,Mexico,3,2
Japan,Korea Republic,2,2
Denmark,Switzerland,1,1
Spain,Argentina,1,0
Mexico,Costa Rica,3,1
France,Russia,1,0
Korea Republic,Australia,1,1
Korea Republic,Australia,0,2
Peru,Argentina,0,2
Germany,Switzerland,5,1
Tunisia,Algeria,1,2
Morocco,Senegal,0,0
Senegal,Morocco,1,2
Mexico,Argentina,2,0
Germany,Argentina,2,3
Morocco,Senegal,3,1
France,Portugal,1,2
Peru,Panama,4,0
Denmark,Sweden,1,2
Argentina,Uruguay,1,1
Uruguay,Argentina,1,1
Russia,France,2,0
Algeria,Brazil,0,2
Poland,England,2,0
Tunisia,Brazil,1,4
Russia,England,1,2
Germany,Brazil,0,1
Russia,Brazil,0,1
Korea Republic,Japan,2,0
Colombia,Uruguay,0,0
Sweden,Brazil,1,0
Peru,Colombia,3,1
Uruguay,Colombia,0,1
Sweden,Iceland,1,0
Argentina,Peru,3,1
Mexico,Poland,0,1
Russia,Sweden,0,0
Mexico,Poland,1,2
Australia,Iran,3,0
Iran,Australia,2,0
Russia,Germany,0,1
Germany,France,2,1
England,Poland,1,1
Australia,Korea Republic,0,0
Algeria,Morocco,2,0
Korea Republic,Australia,2,2
Australia,Korea Republic,1,0
France,Denmark,3,0
Germany,Spain,2,1
Spain,Germany,1,0
Saudi Arabia,Morocco,0,0
Brazil,Mexico,1,1
Portugal,England,0,0
Morocco,Algeria,2,0
Belgium,Poland,1,1
Germany,Sweden,2,0
Switzerland,Belgium,0,1
France,Argentina,0,1
England,Argentina,2,2
Denmark,Sweden,0,2
Sweden,Switzerland,0,0
Poland,Argentina,3,2
Germany,Australia,3,0
Sweden,Uruguay,3,0
Sweden,Poland,0,1
Argentina,Brazil,1,2
Germany,Sweden,4,2
Germany,Poland,1,0
Brazil,Poland,0,1
Switzerland,Germany,1,2
Poland,France,0,2
Iceland,Belgium,0,2
Denmark,Spain,1,2
Japan,Korea Republic,4,1
Morocco,Tunisia,3,1
Algeria,Tunisia,0,1
Denmark,Iceland,2,1
Argentina,Spain,1,1
Belgium,France,2,1
Algeria,Morocco,0,0
Switzerland,Portugal,3,0
England,Portugal,0,0
Senegal,Nigeria,0,1
Nigeria,Senegal,1,1
Morocco,Tunisia,0,0
Brazil,Portugal,2,1
England,Germany,2,0
Algeria,Tunisia,1,2
France,Portugal,0,2
Senegal,Nigeria,1,0
Sweden,Algeria,4,0
Iceland,France,0,0
Panama,Costa Rica,1,1
Uruguay,Argentina,2,3
Brazil,Argentina,2,1
Japan,Korea Republic,1,3
Argentina,Brazil,0,1
Mexico,Costa Rica,7,0
Mexico,Argentina,1,1
France,Iceland,3,0
Switzerland,England,1,2
Belgium,Iceland,1,0
Korea Republic,Japan,3,0
Colombia,Uruguay,3,0
Sweden,Denmark,0,0
Brazil,Peru,1,3
Uruguay,Colombia,1,0
Peru,Brazil,0,2
Spain,Denmark,2,0
Switzerland,Russia,0,1
Colombia,Peru,1,0
Peru,Colombia,2,0
Colombia,Peru,0,1
Russia,Switzerland,4,1
France,Belgium,0,0
Portugal,England,1,1
Saudi Arabia,Algeria,1,3
Saudi Arabia,Morocco,0,2
Uruguay,Brazil,1,2
Argentina,Brazil,1,2
Tunisia,Sweden,1,1
Algeria,Sweden,0,2
Morocco,Nigeria,3,1
Morocco,Nigeria,2,1
Russia,Argentina,0,1
Poland,Argentina,1,2
Panama,Costa Rica,3,2
Argentina,Uruguay,4,1
France,Poland,2,0
Spain,Germany,1,1
Brazil,Uruguay,2,1
Sweden,Denmark,1,2
Switzerland,Poland,2,1
Brazil,Argentina,2,0
Germany,Spain,2,0
Brazil,England,1,0
Mexico,Brazil,0,3
Uruguay,Argentina,0,3
Costa Rica,Panama,3,0
Japan,Korea Republic,0,0
Denmark,France,1,1
Iceland,Belgium,0,1
Saudi Arabia,Morocco,0,2
Saudi Arabia,Tunisia,0,1
Switzerland,Sweden,1,2
Peru,Uruguay,0,0
Colombia,Uruguay,1,2
Portugal,Poland,0,2
Peru,Argentina,1,3
Argentina,Peru,1,0
Portugal,Denmark,1,0
Uruguay,Peru,0,0
Argentina,Russia,0,0
Brazil,Russia,2,0
Japan,Korea Republic,1,2
Morocco,Tunisia,1,1
Saudi Arabia,Iran,0,3
Tunisia,Morocco,1,1
Senegal,Denmark,2,3
Tunisia,Algeria,2,0
Colombia,Brazil,0,0
France,Germany,1,0
Algeria,Tunisia,1,1
Brazil,Colombia,6,0
Tunisia,Russia,0,3
Argentina,Iran,1,1
Japan,Korea Republic,0,0
Portugal,Switzerland,1,0
Korea Republic,Japan,1,0
Iran,Saudi Arabia,2,0
Switzerland,France,0,4
Algeria,Senegal,2,0
Denmark,Poland,1,2
Mexico,Peru,1,1
Mexico,Peru,2,1
Senegal,Morocco,3,2
Argentina,Poland,3,1
Argentina,Germany,1,3
Brazil,England,0,0
Sweden,Switzerland,2,1
Uruguay,Germany,0,2
Peru,Poland,1,3
Argentina,England,1,1
Brazil,Germany,1,1
Mexico,Germany,2,2
Denmark,Sweden,2,1
Korea Republic,Japan,2,1
Uruguay,England,0,0
Brazil,Poland,3,1
Argentina,France,0,0
Brazil,France,2,2
Korea Republic,Iran,0,0
Peru,Brazil,0,1
Iceland,Sweden,0,1
Iran,Morocco,1,1
Australia,Iran,0,1
Australia,Korea Republic,2,1
Belgium,Iceland,4,0
England,Switzerland,0,0
Russia,Poland,4,1
Poland,Denmark,4,1
Switzerland,Spain,1,2
Tunisia,Nigeria,0,0
Sweden,Denmark,1,0
France,Russia,0,0
Denmark,Portugal,2,4
Korea Republic,Australia,0,0
Poland,Portugal,1,1
Iran,Korea Republic,2,2
Nigeria,Tunisia,0,1
Poland,Sweden,2,1
Germany,Switzerland,4,1
Iran,Australia,1,0
Germany,England,2,1
Morocco,Russia,2,3
Morocco,Tunisia,1,1
France,Portugal,2,0
Germany,Russia,1,0
Nigeria,Tunisia,2,0
Argentina,Peru,2,1
Peru,Argentina,1,3
France,Brazil,1,0
Germany,Brazil,0,1
Mexico,Peru,0,1
England,Brazil,1,1
Sweden,Germany,3,1
Uruguay,Argentina,2,0
Spain,Mexico,2,0
Brazil,Peru,3,0
Argentina,Uruguay,3,0
France,Iran,2,1
France,Tunisia,2,0
Uruguay,Spain,0,0
Germany,Poland,0,0
Mexico,Tunisia,1,3
Brazil,Sweden,1,1
Argentina,France,2,1
Germany,Mexico,6,0
Poland,Tunisia,1,0
Brazil,Spain,0,0
Germany,Tunisia,0,0
Mexico,Poland,1,3
Iran,Peru,1,4
Spain,Sweden,1,0
Argentina,Poland,2,0
Brazil,Peru,3,0
Argentina,Brazil,0,0
Peru,Poland,0,1
Argentina,Peru,6,0
Brazil,Poland,3,1
Iceland,Denmark,0,0
Japan,Korea Republic,0,4
Denmark,Sweden,2,1
France,Sweden,2,2
Iceland,Poland,0,2
Iran,Russia,0,1
Denmark,England,3,4
Portugal,Belgium,1,1
France,Spain,1,0
Poland,Switzerland,2,0
Japan,Russia,1,4
Japan,Russia,1,4
Japan,Russia,0,3
Tunisia,Poland,0,2
Japan,Korea Republic,2,1
Russia,Sweden,2,0
Denmark,Sweden,2,2
Switzerland,Iceland,2,0
Iceland,Germany,1,3
Brazil,Uruguay,5,1
Iceland,Switzerland,1,2
Sweden,England,0,0
Korea Republic,Japan,4,1
Denmark,Russia,1,2
Peru,Colombia,0,1
Colombia,Peru,1,2
Brazil,Argentina,2,1
Argentina,Brazil,2,2
Peru,Uruguay,2,0
Sweden,France,1,3
England,Denmark,1,0
Germany,Argentina,2,1
Switzerland,Poland,0,2
Spain,Portugal,1,1
Senegal,Nigeria,0,2
Poland,Iceland,2,0
Belgium,Portugal,2,0
Mexico,Peru,1,0
Spain,Denmark,1,3
Russia,Germany,1,3
Tunisia,Senegal,3,1
Saudi Arabia,Korea Republic,1,3
Saudi Arabia,Korea Republic,0,0
Morocco,Poland,1,0
Morocco,Senegal,3,2
Mexico,Korea Republic,0,1
Morocco,Tunisia,0,0
Algeria,Morocco,1,0
Belgium,Uruguay,2,0
Nigeria,Morocco,1,0
Nigeria,Algeria,3,0
Spain,England,0,2
Belgium,Poland,2,1
Senegal,Tunisia,0,2
Sweden,Russia,1,5
Sweden,Denmark,0,1
England,Argentina,3,1
Germany,Poland,3,1
Denmark,Spain,2,2
Russia,France,1,0
Australia,England,1,2
Brazil,Mexico,2,0
Tunisia,Morocco,0,1
Belgium,England,1,1
Belgium,Spain,2,1
Brazil,Russia,1,2
Spain,England,1,2
Belgium,Germany,1,2
Senegal,Morocco,0,1
Brazil,Poland,1,1
Tunisia,Nigeria,2,0
Morocco,Senegal,0,0
Colombia,Poland,1,4
Nigeria,Tunisia,2,0
Russia,Denmark,2,0
Sweden,Iceland,1,1
Uruguay,Peru,0,0
Panama,Costa Rica,1,1
Australia,Mexico,2,2
Australia,Mexico,1,1
Brazil,Uruguay,1,0
Switzerland,Denmark,1,1
Iceland,Russia,1,2
Switzerland,Germany,2,3
Argentina,Poland,2,1
Russia,Iceland,5,0
Costa Rica,Panama,2,0
Peru,Uruguay,1,1
Spain,Poland,1,2
England,Switzerland,2,1
Germany,France,4,1
Poland,Algeria,5,1
Argentina,Russia,1,1
Argentina,Switzerland,5,0
Uruguay,Switzerland,4,0
Brazil,Switzerland,2,0
Argentina,Germany,2,1
Argentina,Brazil,1,1
Brazil,Germany,4,1
Uruguay,Brazil,2,1
Japan,Poland,0,2
Japan,Poland,2,4
Japan,Poland,1,4
Colombia,Brazil,1,1
Japan,Poland,0,3
Mexico,Korea Republic,4,0
Spain,France,1,0
Japan,Korea Republic,0,1
Saudi Arabia,Tunisia,1,2
England,Spain,1,2
Algeria,Senegal,2,0
Tunisia,Senegal,1,0
Senegal,Tunisia,0,0
France,Belgium,3,2
England,Brazil,0,1
Sweden,Denmark,1,2
France,Brazil,1,3
Germany,Brazil,1,2
Switzerland,England,2,1
Portugal,Spain,2,0
Korea Republic,Japan,2,0
Sweden,Portugal,3,0
Colombia,Spain,1,1
Brazil,Spain,1,0
Colombia,Peru,1,1
Uruguay,Colombia,3,2
Peru,Colombia,2,0
Iceland,Nigeria,3,0
Uruguay,Peru,1,2
Denmark,Iceland,3,0
Poland,Germany,0,2
Peru,Uruguay,0,0
Belgium,France,2,0
Colombia,Uruguay,1,1
Portugal,Poland,2,0
Morocco,Tunisia,2,2
Nigeria,Algeria,0,2
Portugal,Sweden,1,2
Saudi Arabia,Korea Republic,2,0
Argentina,Poland,1,2
Saudi Arabia,Sweden,1,2
Algeria,Nigeria,2,1
Senegal,Morocco,2,0
Poland,Spain,2,3
Spain,Belgium,2,0
Tunisia,Algeria,0,1
Germany,Portugal,3,1
Korea Republic,Uruguay,2,2
Algeria,Nigeria,2,1
Brazil,Germany,1,0
Korea Republic,Japan,3,0
Argentina,Germany,1,1
Switzerland,Portugal,2,1
Argentina,Russia,1,1
Algeria,Peru,1,1
France,Peru,0,1
Spain,Switzerland,2,0
Brazil,Portugal,3,1
Denmark,Sweden,1,1
Morocco,Senegal,2,1
Brazil,Switzerland,1,1
Denmark,Belgium,1,0
Iceland,England,1,1
Sweden,Russia,1,1
Argentina,Belgium,0,1
Brazil,Russia,2,1
England,France,3,1
Germany,Algeria,1,2
Poland,Peru,5,1
Poland,Belgium,3,0
Germany,England,0,0
Belgium,Russia,0,1
Argentina,Brazil,1,3
Spain,Germany,1,2
Poland,Russia,0,0
Spain,England,0,0
Germany,France,3,3
Poland,France,3,2
France,Poland,0,4
Denmark,England,2,2
Germany,Belgium,0,0
Saudi Arabia,Morocco,2,1
Belgium,Switzerland,3,0
Portugal,Poland,2,1
England,Germany,1,2
Spain,Iceland,1,0
Tunisia,Algeria,0,1
Portugal,France,0,3
Portugal,Germany,1,0
Japan,Korea Republic,1,1
Senegal,Morocco,1,0
Senegal,Morocco,0,0
Costa Rica,Mexico,0,1
Mexico,Costa Rica,1,0
France,Russia,1,1
Tunisia,Morocco,1,0
Switzerland,Russia,0,1
Russia,Portugal,5,0
Poland,Russia,1,1
Iceland,Spain,0,1
Belgium,France,1,1
Korea Republic,Nigeria,1,0
Portugal,Brazil,0,4
Australia,England,0,0
Australia,England,0,1
Switzerland,Brazil,1,2
Australia,England,1,1
Sweden,Brazil,3,3
Uruguay,Peru,1,1
Costa Rica,Korea Republic,1,1
Peru,Uruguay,1,1
Nigeria,Morocco,0,0
Iceland,Sweden,0,4
Peru,Colombia,1,0
Argentina,Brazil,1,0
Algeria,Senegal,2,0
Colombia,Peru,2,2
Morocco,Nigeria,0,0
Denmark,France,3,1
Brazil,Argentina,0,0
Algeria,Korea Republic,3,1
England,Denmark,0,1
France,Spain,1,1
Russia,Poland,2,0
Peru,Uruguay,0,1
Uruguay,Peru,1,1
Uruguay,Brazil,2,0
Poland,Portugal,0,1
Brazil,Uruguay,1,1
Switzerland,Belgium,3,1
Portugal,Russia,1,0
Nigeria,Senegal,1,0
Senegal,Nigeria,0,1
Mexico,Sweden,2,0
Algeria,Switzerland,1,2
Argentina,Poland,1,1
Saudi Arabia,Algeria,4,2
Belgium,Germany,0,1
France,England,2,0
Algeria,Nigeria,0,0
Panama,Costa Rica,1,1
Switzerland,Poland,1,1
Germany,Russia,2,1
Spain,Denmark,2,1
Poland,Belgium,0,1
France,Germany,1,0
Switzerland,Sweden,0,0
Switzerland,Spain,0,4
England,Russia,0,2
Sweden,Denmark,0,1
Brazil,England,0,2
France,Denmark,1,0
Uruguay,England,2,0
Germany,Portugal,0,0
France,Belgium,5,0
Brazil,Argentina,0,0
Portugal,Spain,1,1
Denmark,Belgium,3,2
Germany,Spain,0,1
Brazil,Uruguay,1,0
France,Portugal,3,2
Morocco,Senegal,2,1
Denmark,Spain,1,1
France,Spain,2,0
Uruguay,Argentina,1,0
Argentina,Uruguay,0,0
Peru,Colombia,0,0
Russia,Mexico,3,0
Sweden,Mexico,1,1
Colombia,Argentina,1,0
Switzerland,Argentina,0,2
Belgium,Argentina,0,2
Germany,Argentina,1,3
Sweden,Portugal,0,1
Mexico,Argentina,1,1
Uruguay,Peru,2,0
Saudi Arabia,Iceland,1,2
Tunisia,Nigeria,5,0
Korea Republic,Japan,1,2
Peru,Uruguay,1,3
Mexico,Colombia,1,0
Germany,Sweden,2,0
Switzerland,Denmark,1,0
Argentina,Mexico,1,1
Uruguay,Mexico,1,1
Portugal,Sweden,1,3
Saudi Arabia,Korea Republic,1,1
Saudi Arabia,Iran,1,1
Algeria,Tunisia,3,1
Iran,Russia,0,2
Colombia,Switzerland,2,2
Morocco,Russia,0,1
Mexico,Poland,5,0
Mexico,Switzerland,1,2
Colombia,Poland,1,2
Colombia,Poland,1,0
Portugal,Germany,1,2
Uruguay,Colombia,3,0
Uruguay,Peru,2,2
Switzerland,Russia,2,2
Peru,Uruguay,2,1
Brazil,Colombia,2,1
Brazil,Peru,0,1
Colombia,Uruguay,2,1
Belgium,Poland,2,0
Tunisia,Algeria,1,0
Brazil,Uruguay,2,0
Russia,Switzerland,4,0
Brazil,Argentina,2,1
Colombia,Brazil,1,0
Colombia,Peru,1,0
Colombia,Argentina,1,3
Denmark,Russia,4,2
Mexico,England,1,0
Peru,Colombia,0,0
England,Germany,3,0
Iceland,Spain,1,2
Mexico,Germany,2,0
Argentina,Colombia,1,0
Peru,Argentina,1,0
Argentina,Peru,2,2
Nigeria,Tunisia,1,0
Tunisia,Nigeria,2,0
Tunisia,Saudi Arabia,1,0
France,Uruguay,2,0
Sweden,Poland,1,0
Russia,Germany,1,0
Denmark,Sweden,0,3
Poland,Belgium,0,0
Mexico,Peru,0,0
Mexico,Peru,1,0
Russia,Denmark,1,0
Spain,Iceland,2,1
Sweden,Germany,2,2
Tunisia,Algeria,1,4
Denmark,Switzerland,0,0
Germany,Portugal,0,1
Algeria,Tunisia,3,0
Japan,Korea Republic,1,2
Korea Republic,Japan,1,0
Mexico,Argentina,1,1
Mexico,Argentina,1,1
Mexico,Korea Republic,2,1
Mexico,Algeria,2,0
Tunisia,Poland,1,0
Mexico,Korea Republic,2,1
Algeria,Korea Republic,0,2
Spain,Russia,2,0
Uruguay,Poland,2,2
Saudi Arabia,Algeria,0,0
Mexico,Russia,1,0
Spain,Belgium,3,0
Saudi Arabia,Algeria,1,1
Mexico,Denmark,1,1
Algeria,Morocco,0,0
Germany,Brazil,2,0
France,Argentina,2,0
Russia,England,0,1
Spain,Poland,3,0
Brazil,Peru,4,0
Switzerland,Germany,0,1
Mexico,Uruguay,1,0
Switzerland,Algeria,2,0
Japan,Algeria,2,1
Denmark,Poland,1,0
Mexico,England,0,3
Spain,Brazil,0,1
Argentina,Korea Republic,3,1
Morocco,Poland,0,0
Mexico,Belgium,2,1
Portugal,England,1,0
Uruguay,Germany,1,1
France,Russia,1,1
Brazil,Algeria,1,0
England,Morocco,0,0
Poland,Portugal,1,0
Denmark,Uruguay,6,1
England,Poland,3,0
Portugal,Morocco,1,3
Algeria,Spain,0,3
Denmark,Germany,2,0
Russia,Belgium,3,4
Argentina,Uruguay,1,0
Brazil,Poland,4,0
Morocco,Germany,0,1
Denmark,Spain,1,5
Brazil,France,1,1
Mexico,Germany,0,0
Argentina,England,2,1
Spain,Belgium,1,1
Argentina,Belgium,2,0
France,Germany,0,2
France,Belgium,4,2
Argentina,Germany,3,2
Switzerland,France,2,0
Sweden,Russia,0,0
Iceland,France,0,0
Sweden,England,1,0
Denmark,Germany,0,2
Iceland,Russia,1,1
Sweden,Switzerland,2,0
France,Russia,0,2
Portugal,Sweden,1,1
Germany,Spain,2,2
Switzerland,Portugal,1,1
Portugal,Belgium,1,0
Spain,England,2,4
Algeria,Tunisia,1,0
Russia,Sweden,1,3
France,Iceland,2,0
England,Brazil,1,1
Japan,Senegal,2,2
Australia,Morocco,1,0
Switzerland,Sweden,1,1
Korea Republic,Australia,1,1
Argentina,Peru,1,1
Argentina,Uruguay,0,1
Argentina,Colombia,1,2
Algeria,Korea Republic,2,0
Germany,France,2,1
Sweden,Denmark,1,0
Germany,England,3,1
Russia,France,1,1
Germany,Denmark,1,0
Sweden,Portugal,0,1
Germany,Sweden,1,1
Russia,Iceland,2,0
Portugal,Switzerland,0,0
Algeria,Tunisia,0,0
Brazil,Germany,1,1
Argentina,Germany,1,0
France,Switzerland,2,1
France,Morocco,2,1
Morocco,Algeria,1,0
Algeria,Nigeria,1,1
France,Spain,2,1
Morocco,Algeria,1,1
Argentina,Russia,2,4
Germany,Sweden,1,1
Germany,Argentina,1,0
Sweden,Russia,2,0
Germany,Switzerland,1,0
England,Colombia,1,1
Switzerland,England,0,1
Russia,Poland,2,1
Spain,Sweden,1,3
Denmark,Belgium,3,1
Switzerland,Spain,1,1
Denmark,Spain,2,3
Germany,Denmark,2,0
Germany,Spain,2,0
England,Russia,1,3
Argentina,Saudi Arabia,2,2
Australia,Brazil,0,1
Australia,Saudi Arabia,3,0
Argentina,Brazil,0,0
Saudi Arabia,Tunisia,1,1
Brazil,Saudi Arabia,4,1
Australia,Argentina,4,1
Argentina,Saudi Arabia,2,0
Australia,Brazil,0,2
Costa Rica,Panama,1,1
Panama,Costa Rica,0,2
Colombia,Uruguay,2,1
Iceland,Russia,1,1
Sweden,Denmark,1,2
England,Denmark,1,0
Saudi Arabia,Iran,1,0
Germany,Russia,1,0
Denmark,Iceland,1,0
Belgium,Brazil,1,2
Spain,Argentina,1,1
Sweden,Portugal,0,0
Belgium,Switzerland,1,0
England,Sweden,0,0
Japan,Korea Republic,0,1
Saudi Arabia,England,1,1
Saudi Arabia,Tunisia,1,0
Japan,Iran,0,0
Korea Republic,Japan,2,0
Korea Republic,Iran,3,0
Uruguay,Peru,3,0
Korea Republic,Saudi Arabia,0,0
Iran,Japan,2,2
Tunisia,Morocco,2,1
Colombia,Peru,1,0
Algeria,Denmark,0,0
Mexico,Poland,3,1
Portugal,Belgium,1,1
Colombia,Argentina,1,0
Algeria,Morocco,1,1
Algeria,Tunisia,2,0
Portugal,Switzerland,3,1
Korea Republic,Japan,1,0
Sweden,Poland,2,1
Brazil,Peru,4,1
Morocco,Algeria,1,0
Peru,Brazil,1,1
Russia,Iceland,1,1
Sweden,Algeria,2,0
England,Poland,3,0
Denmark,England,1,1
Brazil,Portugal,4,0
Denmark,Sweden,6,0
Brazil,Sweden,1,2
Denmark,Brazil,4,0
Switzerland,Brazil,1,0
Brazil,Peru,0,0
Brazil,Colombia,0,0
Uruguay,Argentina,0,1
Colombia,Peru,1,1
Brazil,Argentina,2,0
Argentina,Uruguay,0,2
Brazil,Uruguay,1,0
Senegal,Tunisia,3,0
Brazil,Japan,1,0
Tunisia,Senegal,0,1
Uruguay,Colombia,0,0
Mexico,Korea Republic,4,2
Morocco,Tunisia,0,0
Sweden,France,2,4
Belgium,Denmark,3,0
Poland,Russia,1,1
Peru,Uruguay,0,2
Belgium,Portugal,3,0
Sweden,England,0,0
Spain,Poland,1,0
Switzerland,Portugal,1,2
Uruguay,Peru,2,0
Poland,England,0,0
Switzerland,Belgium,2,2
Poland,Sweden,0,2
Saudi Arabia,Korea Republic,0,2
Tunisia,Algeria,0,0
Spain,Switzerland,2,1
Senegal,Algeria,0,0
Mexico,Argentina,2,0
Nigeria,Senegal,1,1
Colombia,Uruguay,0,2
Iran,Poland,0,2
Costa Rica,Uruguay,0,2
Iran,Poland,0,1
Colombia,Russia,0,0
Belgium,Sweden,0,0
Costa Rica,Russia,1,2
France,Germany,2,1
Algeria,Nigeria,5,1
Algeria,Senegal,2,1
Algeria,Nigeria,1,0
Mexico,Uruguay,2,1
England,Brazil,1,0
Algeria,Sweden,1,1
Mexico,Colombia,2,0
Germany,Uruguay,3,3
Colombia,Poland,2,1
Costa Rica,Poland,0,2
Switzerland,Argentina,1,1
England,Denmark,1,0
England,Uruguay,1,2
Germany,Denmark,1,0
Belgium,Mexico,3,0
Tunisia,England,1,1
Belgium,Poland,1,1
Brazil,Sweden,2,1
Belgium,Korea Republic,2,0
Argentina,Russia,2,0
Uruguay,Spain,0,0
Brazil,Costa Rica,1,0
Belgium,Uruguay,3,1
Korea Republic,Spain,1,3
Germany,Colombia,1,1
Sweden,Costa Rica,1,2
Belgium,Spain,1,2
Korea Republic,Uruguay,0,1
Brazil,Argentina,0,1
England,Belgium,1,0
Germany,England,1,1
Germany,Argentina,1,0
Japan,Korea Republic,0,2
Tunisia,Morocco,0,0
France,Poland,0,0
Portugal,Germany,1,1
Iceland,France,1,2
Sweden,Denmark,0,1
Korea Republic,Australia,1,0
Korea Republic,Australia,1,0
Spain,Brazil,3,0
Spain,Iceland,2,1
Sweden,Germany,1,3
England,Poland,2,0
Mexico,Brazil,0,0
Algeria,Senegal,1,0
Germany,Switzerland,4,0
Spain,Portugal,1,1
Mexico,Colombia,0,0
Colombia,Switzerland,2,3
Senegal,Algeria,1,3
France,Spain,3,1
Algeria,Tunisia,2,1
Argentina,Mexico,0,0
Argentina,Brazil,3,3
Germany,Russia,2,1
Algeria,Morocco,2,2
Tunisia,Algeria,0,0
Costa Rica,Mexico,0,0
Germany,Belgium,1,0
Mexico,Uruguay,0,2
England,Russia,3,1
Argentina,Russia,1,1
England,Argentina,2,2
Australia,England,0,1
Sweden,Colombia,2,2
Peru,Uruguay,1,0
Sweden,Russia,2,3
Korea Republic,Australia,0,0
Sweden,Denmark,4,0
Uruguay,Peru,0,0
Costa Rica,Colombia,0,1
Brazil,Argentina,1,1
Mexico,Costa Rica,2,0
Brazil,Uruguay,1,1
Brazil,Colombia,0,2
Argentina,Peru,3,2
Colombia,Uruguay,0,1
Argentina,Brazil,3,2
Brazil,Colombia,2,0
Argentina,Colombia,2,1
Japan,Korea Republic,0,1
Poland,France,1,5
Poland,Sweden,2,0
Iceland,Denmark,0,0
Spain,Uruguay,2,1
England,Germany,0,1
Iceland,Spain,2,0
Switzerland,Sweden,3,1
Spain,France,1,2
Algeria,Iran,1,0
Poland,England,1,1
Belgium,Germany,0,1
France,Iceland,3,1
Mexico,Uruguay,1,1
Costa Rica,Mexico,1,1
Algeria,Senegal,3,1
Morocco,Algeria,1,1
Senegal,Nigeria,1,2
Portugal,Spain,0,0
Australia,Sweden,0,0
Australia,Sweden,1,0
Australia,Sweden,1,0
England,France,2,0
Spain,Russia,1,1
Tunisia,Nigeria,1,1
Tunisia,Belgium,2,1
Mexico,Russia,4,0
Mexico,Russia,1,1
France,Belgium,3,3
Tunisia,Sweden,0,1
Russia,England,2,2
Uruguay,Brazil,1,0
Sweden,Poland,5,0
England,Brazil,1,1
Switzerland,France,2,1
Denmark,Russia,1,1
Sweden,France,1,1
Denmark,England,0,0
Russia,Germany,1,1
France,England,0,0
Sweden,Denmark,1,0
France,Denmark,1,2
Sweden,England,2,1
Argentina,Australia,2,0
Sweden,Germany,2,3
Uruguay,Australia,2,0
Denmark,Germany,2,0
Australia,Croatia,1,0
Australia,Croatia,3,1
Australia,Croatia,0,0
Brazil,Mexico,5,0
Mexico,Colombia,0,0
Uruguay,Costa Rica,2,1
Panama,Costa Rica,1,0
Japan,Korea Republic,0,0
Costa Rica,Panama,5,1
France,Brazil,0,2
Japan,Korea Republic,2,2
Denmark,Germany,1,2
Spain,England,1,0
Brazil,Costa Rica,4,2
Uruguay,Argentina,0,0
Germany,Mexico,1,1
Russia,Iceland,1,0
Saudi Arabia,Argentina,1,3
Croatia,Mexico,3,0
Japan,Iran,1,0
Japan,Saudi Arabia,1,0
Mexico,Costa Rica,4,0
Brazil,Uruguay,1,2
Argentina,Poland,2,0
Costa Rica,Mexico,2,0
Uruguay,Poland,0,1
Brazil,Germany,3,1
Tunisia,Morocco,1,1
Uruguay,Germany,1,4
Senegal,Algeria,1,2
Spain,Mexico,1,1
Argentina,Brazil,1,1
Argentina,Denmark,1,1
Morocco,Tunisia,0,0
Costa Rica,Panama,2,0
Brazil,Poland,2,2
Tunisia,Switzerland,0,1
Colombia,Costa Rica,4,1
Denmark,Spain,1,0
Switzerland,Portugal,1,1
Morocco,Senegal,1,0
France,Sweden,2,1
Poland,England,1,1
Iceland,Russia,1,1
Brazil,Germany,3,3
Brazil,England,1,1
Colombia,Mexico,2,1
Brazil,Peru,0,0
England,Germany,1,2
Argentina,Mexico,1,1
Argentina,Colombia,1,1
Costa Rica,Panama,3,1
Colombia,Uruguay,1,1
Brazil,Argentina,1,1
Peru,Mexico,2,4
Costa Rica,Mexico,0,2
Colombia,Argentina,0,0
Nigeria,Algeria,4,1
Argentina,Mexico,2,1
Peru,Uruguay,1,2
Mexico,Costa Rica,1,1
Senegal,Morocco,1,3
Uruguay,Peru,3,0
Algeria,Senegal,4,0
France,Russia,3,1
Peru,Argentina,0,1
Brazil,Mexico,1,1
Peru,Colombia,0,1
Sweden,Switzerland,1,2
Colombia,Argentina,2,1
Uruguay,Brazil,1,1
Argentina,Peru,2,1
Sweden,France,1,1
Colombia,Peru,4,0
Argentina,Colombia,0,5
England,Poland,3,0
Brazil,Uruguay,2,0
Tunisia,Germany,1,1
Saudi Arabia,Costa Rica,1,2
Korea Republic,Australia,1,1
Korea Republic,Australia,1,0
Saudi Arabia,Costa Rica,3,2
Mexico,Poland,0,0
Saudi Arabia,Russia,4,2
Algeria,Nigeria,1,1
Germany,Uruguay,5,0
Portugal,Switzerland,1,0
Saudi Arabia,Japan,0,0
Iran,Korea Republic,0,3
Tunisia,Iceland,3,1
Japan,Iran,1,2
Korea Republic,Saudi Arabia,1,1
Japan,Korea Republic,1,0
Saudi Arabia,Iran,4,3
Australia,Argentina,1,1
Argentina,Australia,1,0
Germany,Brazil,2,1
Spain,Denmark,1,0
Argentina,Germany,2,1
Mexico,Brazil,0,1
Mexico,Germany,0,0
Spain,Portugal,2,2
Mexico,Switzerland,1,5
Mexico,Russia,1,4
Saudi Arabia,Colombia,1,1
Spain,Poland,1,1
Colombia,Sweden,0,0
Mexico,Sweden,2,1
Colombia,Korea Republic,2,2
Mexico,Colombia,0,0
England,Denmark,1,0
Brazil,Argentina,2,0
Spain,Croatia,0,2
Poland,Saudi Arabia,1,0
Colombia,Nigeria,1,0
Tunisia,Saudi Arabia,2,0
Argentina,Morocco,3,1
Iceland,Saudi Arabia,0,2
Colombia,Peru,1,0
Brazil,Iceland,3,0
Sweden,Nigeria,3,1
Japan,Australia,1,1
Australia,France,0,1
Denmark,Sweden,1,0
Japan,France,1,4
Croatia,Argentina,0,0
Spain,Korea Republic,2,2
Belgium,Morocco,1,0
Brazil,Russia,2,0
Germany,Spain,1,1
Sweden,Russia,3,1
Argentina,Nigeria,2,1
Saudi Arabia,Morocco,2,1
Switzerland,Colombia,0,2
Germany,Korea Republic,3,2
Brazil,Sweden,1,1
Belgium,Saudi Arabia,0,1
Germany,Belgium,3,2
Spain,Switzerland,3,0
Saudi Arabia,Sweden,1,3
Sweden,Brazil,0,1
Iceland,Sweden,0,1
Russia,Germany,0,1
Japan,Australia,0,0
Denmark,Belgium,3,1
Switzerland,Sweden,4,2
Peru,Uruguay,0,1
England,Nigeria,1,0
Poland,France,0,0
Spain,Denmark,3,0
Switzerland,Iceland,1,0
Saudi Arabia,Poland,0,2
Saudi Arabia,Poland,1,2
Tunisia,Algeria,1,0
Belgium,Spain,1,4
Saudi Arabia,Costa Rica,1,3
Brazil,Serbia,2,0
Argentina,Serbia,1,0
Japan,Nigeria,0,3
Saudi Arabia,Mexico,0,2
Senegal,Tunisia,0,0
Japan,Argentina,1,5
Saudi Arabia,Denmark,0,2
Denmark,Mexico,1,1
Nigeria,Argentina,0,0
Denmark,Argentina,2,0
Mexico,Nigeria,1,1
Spain,Uruguay,2,2
Korea Republic,Colombia,1,0
Mexico,Uruguay,1,0
Korea Republic,Serbia,0,1
Australia,Colombia,0,1
Australia,Japan,2,1
Japan,Korea Republic,1,1
Spain,Germany,0,0
Japan,Korea Republic,2,2
Morocco,Senegal,2,0
Colombia,Uruguay,2,1
England,Uruguay,0,0
Spain,Belgium,1,1
Uruguay,Peru,1,0
Argentina,Peru,1,0
Sweden,Iceland,1,1
England,Japan,2,1
Brazil,Sweden,1,0
Korea Republic,Costa Rica,1,0
Brazil,Japan,3,0
England,Sweden,3,3
Sweden,Japan,2,2
England,Brazil,1,3
Colombia,Nigeria,1,0
Mexico,Colombia,0,0
Switzerland,Germany,1,2
Mexico,Nigeria,2,1
Argentina,Australia,2,0
Colombia,Peru,1,1
Brazil,Peru,2,0
Brazil,Colombia,3,0
Uruguay,Mexico,1,1
Tunisia,Senegal,4,0
Brazil,Argentina,2,2
Uruguay,Colombia,2,0
Algeria,Tunisia,2,1
Uruguay,Brazil,1,1
Japan,Costa Rica,3,0
Japan,Brazil,1,5
Korea Republic,Brazil,0,1
France,Poland,1,1
Iceland,Switzerland,0,2
Belgium,Germany,1,2
Belgium,Denmark,1,3
England,Colombia,0,0
Sweden,Switzerland,0,0
Spain,Argentina,2,1
Argentina,Colombia,0,0
Brazil,Uruguay,2,0
Denmark,Spain,1,1
Mexico,Saudi Arabia,2,1
Japan,Saudi Arabia,2,1
Japan,Saudi Arabia,2,1
Korea Republic,Saudi Arabia,1,1
Tunisia,Algeria,2,0
Argentina,Brazil,0,1
England,Switzerland,3,1
Mexico,Serbia,1,4
Mexico,Colombia,2,2
England,Portugal,1,1
Brazil,Colombia,3,1
Morocco,Tunisia,3,1
Mexico,Brazil,2,0
Iceland,Russia,0,3
Australia,Japan,1,4
Australia,Japan,3,0
Japan,Poland,5,0
Portugal,Germany,1,2
Japan,Sweden,1,1
Australia,Sweden,0,2
Australia,Sweden,0,0
Croatia,Poland,2,1
Croatia,Korea Republic,3,0
Korea Republic,Morocco,2,2
Belgium,France,0,2
Germany,Denmark,2,0
Belgium,Russia,0,0
England,Croatia,0,0
Korea Republic,Sweden,0,2
Mexico,Serbia,0,0
Japan,Serbia,1,0
Tunisia,Senegal,2,0
Japan,Mexico,3,2
Germany,France,0,1
Peru,Colombia,1,1
Russia,Poland,2,0
England,Switzerland,1,1
Denmark,Portugal,1,1
France,Spain,1,1
Croatia,Denmark,3,0
Russia,Germany,0,3
Croatia,Portugal,0,3
England,Spain,0,0
Germany,Croatia,2,1
England,Germany,1,1
Colombia,Uruguay,3,1
Peru,Argentina,0,0
Peru,Costa Rica,3,0
Sweden,Denmark,0,1
Japan,Uruguay,5,3
Russia,Brazil,2,2
France,Mexico,2,0
Poland,Germany,0,2
England,Poland,2,1
Saudi Arabia,Australia,0,0
Japan,Tunisia,1,0
Costa Rica,Panama,2,0
Denmark,France,1,0
Korea Republic,Colombia,4,1
Morocco,Croatia,2,2
Saudi Arabia,Iran,0,3
Morocco,Nigeria,2,0
Portugal,Germany,0,0
Spain,Serbia,2,0
Uruguay,Peru,2,0
Korea Republic,Iran,2,6
Iran,Saudi Arabia,0,0
Argentina,Serbia,2,3
Tunisia,Algeria,0,0
Uruguay,Argentina,0,0
Australia,Korea Republic,2,1
Mexico,Peru,0,0
Portugal,France,0,2
Russia,Serbia,1,1
Russia,Switzerland,2,1
Colombia,Argentina,0,1
Japan,Sweden,0,1
Brazil,Poland,4,2
Costa Rica,Mexico,0,0
Croatia,Denmark,1,1
England,Mexico,2,0
France,Sweden,1,0
Brazil,Mexico,4,0
Colombia,Peru,0,1
Japan,Korea Republic,1,1
Sweden,Poland,2,2
Poland,England,0,2
Tunisia,Algeria,0,1
France,Brazil,1,1
Senegal,Algeria,0,0
France,England,0,1
Argentina,Peru,2,0
Japan,Croatia,4,3
Uruguay,Colombia,1,1
England,Brazil,0,1
Peru,Uruguay,1,0
Brazil,Costa Rica,5,0
Mexico,Colombia,2,1
Brazil,Mexico,3,2
Colombia,Costa Rica,4,1
Korea Republic,Serbia,1,1
Brazil,Colombia,2,0
Mexico,Costa Rica,1,1
Peru,Argentina,2,1
Brazil,Peru,7,0
Mexico,Peru,1,0
Morocco,Senegal,3,0
Tunisia,Nigeria,2,0
Korea Republic,Brazil,1,2
Japan,Brazil,0,3
Russia,Serbia,0,1
Peru,Colombia,2,1
Germany,Portugal,1,1
Denmark,Croatia,3,1
Peru,Uruguay,2,1
Iran,Saudi Arabia,1,1
Japan,Korea Republic,1,2
Brazil,Morocco,2,0
Argentina,Uruguay,0,0
Saudi Arabia,Iran,1,0
Korea Republic,Japan,0,2
Mexico,Costa Rica,3,3
Argentina,Colombia,1,1
Japan,Iran,3,2
Iran,Australia,1,1
Australia,Iran,2,2
Saudi Arabia,Iceland,0,0
Mexico,Australia,1,3
Saudi Arabia,Brazil,0,3
Australia,Brazil,0,0
Saudi Arabia,Mexico,0,5
Brazil,Mexico,3,2
Saudi Arabia,Australia,1,0
Uruguay,Australia,0,1
Brazil,Australia,6,0
France,Spain,1,0
Iran,Nigeria,0,1
Tunisia,Serbia,0,3
Australia,Korea Republic,1,0
Australia,Japan,0,3
Saudi Arabia,Germany,0,3
Argentina,Serbia,3,1
Japan,Korea Republic,2,1
Colombia,Serbia,0,0
Germany,Brazil,1,2
Russia,France,1,0
Spain,Sweden,4,0
Switzerland,England,1,1
Korea Republic,Japan,2,1
Mexico,Peru,1,0
Croatia,Poland,4,1
England,Portugal,3,0
Germany,Nigeria,1,0
Sweden,France,0,0
Brazil,Argentina,0,1
Iceland,Saudi Arabia,1,1
England,Saudi Arabia,0,0
Belgium,France,0,1
Morocco,England,0,1
Poland,Russia,3,1
Sweden,Denmark,3,0
Belgium,England,0,0
Morocco,France,2,2
Germany,Colombia,3,1
Japan,Mexico,1,2
Belgium,Colombia,2,0
Croatia,Iran,2,0
Saudi Arabia,Mexico,0,0
Croatia,Australia,7,0
Switzerland,Serbia,1,1
Saudi Arabia,Denmark,0,1
Korea Republic,Mexico,1,3
Spain,Nigeria,2,3
Argentina,Japan,1,0
England,Tunisia,2,0
Brazil,Morocco,3,0
France,Saudi Arabia,4,0
Belgium,Mexico,2,2
Japan,Croatia,0,1
Germany,Serbia,2,2
Colombia,Tunisia,1,0
France,Denmark,2,1
Belgium,Korea Republic,1,1
Germany,Iran,2,0
Argentina,Croatia,1,0
Colombia,England,0,2
Nigeria,Denmark,1,4
Germany,Mexico,2,1
Argentina,England,2,2
Brazil,Denmark,3,2
Germany,Croatia,0,3
France,Croatia,2,1
France,Brazil,3,0
Sweden,Russia,1,0
Morocco,Senegal,2,0
Iceland,France,1,1
Sweden,England,2,1
Saudi Arabia,Senegal,3,2
Brazil,Serbia,1,1
Spain,Russia,1,0
Russia,France,2,3
Iceland,Russia,1,0
Switzerland,Denmark,1,1
Brazil,Russia,5,1
France,Morocco,1,0
Colombia,Germany,3,3
Croatia,Denmark,0,1
England,France,0,2
Mexico,Argentina,0,1
Tunisia,Sweden,0,1
Senegal,Nigeria,1,1
England,Poland,3,1
Korea Republic,Brazil,1,0
Japan,Brazil,0,2
Poland,Sweden,0,1
Spain,Croatia,3,1
Belgium,Peru,1,1
Japan,Belgium,0,0
England,Sweden,0,0
France,Russia,2,3
Korea Republic,Belgium,1,2
Japan,Peru,0,0
Tunisia,Algeria,2,0
Mexico,Argentina,2,2
Russia,Iceland,1,0
Korea Republic,Mexico,1,1
Brazil,Poland,2,0
Croatia,Mexico,2,1
Colombia,Peru,3,3
Korea Republic,Croatia,1,1
Peru,Japan,3,2
Uruguay,Colombia,0,1
Brazil,Mexico,2,1
Argentina,Colombia,0,3
Uruguay,Argentina,0,2
Mexico,Peru,3,3
Brazil,Argentina,2,1
Mexico,Brazil,0,2
Costa Rica,Saudi Arabia,1,0
Brazil,Uruguay,3,0
Brazil,Germany,4,0
Mexico,Saudi Arabia,5,1
Brazil,Saudi Arabia,8,2
Mexico,Brazil,4,3
Poland,Spain,1,2
Uruguay,Costa Rica,5,4
Argentina,Brazil,2,0
Denmark,Switzerland,2,1
Belgium,Morocco,4,0
Brazil,Argentina,4,2
Japan,Iran,1,1
Poland,England,0,0
Croatia,Serbia,2,2
France,Iceland,3,2
Sweden,Poland,2,0
Denmark,Iran,0,0
England,Belgium,2,1
Argentina,Colombia,2,1
Mexico,Colombia,0,0
France,Croatia,3,0
Spain,Brazil,0,0
Spain,Argentina,0,2
Morocco,Senegal,0,0
Mexico,Iran,2,1
Nigeria,Tunisia,4,2
Spain,Poland,3,0
Tunisia,Morocco,0,0
Nigeria,Morocco,2,0
Japan,Mexico,0,1
Nigeria,Senegal,2,1
Korea Republic,Costa Rica,2,2
Belgium,Portugal,1,1
Colombia,Peru,2,1
Croatia,Spain,0,0
England,Argentina,0,0
France,Poland,1,0
Colombia,Brazil,0,0
Croatia,Germany,1,1
Portugal,Denmark,2,1
Denmark,Sweden,0,1
Germany,Switzerland,1,1
Korea Republic,Japan,1,0
England,Brazil,1,1
Croatia,France,0,2
Korea Republic,Serbia,0,0
Korea Republic,Serbia,0,0
Denmark,Belgium,2,2
Sweden,Spain,1,1
France,Japan,2,2
Peru,Brazil,0,1
Morocco,France,1,5
Belgium,Sweden,2,1
France,Denmark,3,0
Tunisia,Senegal,4,1
Portugal,England,3,2
Algeria,Senegal,1,1
England,Germany,1,0
Portugal,Germany,3,0
Spain,France,1,2
Brazil,Uruguay,1,1
France,Portugal,2,1
Tunisia,Algeria,2,2
Colombia,Argentina,1,3
Costa Rica,Panama,5,1
Morocco,Algeria,2,1
Panama,Mexico,0,1
Peru,Colombia,0,1
Brazil,Argentina,3,1
Uruguay,Peru,0,0
Colombia,Uruguay,1,0
Germany,Spain,4,1
Iceland,Sweden,2,1
Belgium,Croatia,0,0
France,England,1,1
Iceland,Denmark,1,2
Switzerland,Russia,0,1
Mexico,Panama,7,1
Peru,Argentina,1,2
Australia,Korea Republic,2,4
England,Germany,0,1
Argentina,Uruguay,2,1
Saudi Arabia,Japan,1,4
Iran,Korea Republic,1,2
Korea Republic,Saudi Arabia,1,2
Japan,Saudi Arabia,1,0
Brazil,Colombia,1,0
Denmark,Germany,2,1
Poland,Iceland,1,0
Tunisia,Switzerland,1,1
Japan,Korea Republic,1,1
Mexico,Argentina,0,2
Tunisia,Morocco,0,1
Mexico,Colombia,2,3
Morocco,Korea Republic,1,1
Morocco,Senegal,0,0
France,Germany,1,0
Colombia,Australia,3,2
England,Spain,3,0
Switzerland,Poland,0,4
Mexico,Brazil,3,3
France,Japan,5,0
Morocco,Tunisia,2,0
Spain,France,2,1
Senegal,Algeria,3,0
Iran,Korea Republic,0,1
Brazil,Peru,1,1
France,Portugal,4,0
Spain,Japan,1,0
Switzerland,Sweden,0,2
Algeria,Morocco,1,2
England,Mexico,4,0
Korea Republic,France,0,5
Mexico,Australia,0,2
Panama,Costa Rica,1,2
Australia,France,1,0
Korea Republic,Mexico,2,1
Russia,Serbia,1,1
Argentina,Colombia,3,0
France,Mexico,4,0
Korea Republic,Australia,1,0
Japan,Brazil,0,0
France,Brazil,2,1
Japan,Australia,1,0
Australia,Brazil,1,0
Japan,France,0,1
Mexico,Costa Rica,1,2
Uruguay,Brazil,1,0
Japan,Serbia,1,0
Brazil,Mexico,0,1
Senegal,Morocco,1,0
Brazil,Peru,2,0
Uruguay,Costa Rica,1,1
Peru,Mexico,1,0
Uruguay,Costa Rica,2,1
Colombia,Peru,3,0
Mexico,Uruguay,2,1
Colombia,Mexico,1,0
Brazil,Panama,5,0
France,Denmark,1,0
Iceland,Poland,1,1
Japan,Australia,3,0
Colombia,Peru,0,1
Iran,Saudi Arabia,2,0
Germany,England,1,5
Switzerland,Serbia,1,2
Peru,Uruguay,0,2
Argentina,Brazil,2,1
Korea Republic,Nigeria,2,2
Korea Republic,Nigeria,2,1
Saudi Arabia,Iran,2,2
Japan,Senegal,0,2
Croatia,Belgium,1,0
Denmark,Iceland,6,0
France,Algeria,4,1
Russia,Switzerland,4,0
Costa Rica,Mexico,0,0
Japan,Nigeria,2,2
Uruguay,Colombia,1,1
Argentina,Peru,2,0
Korea Republic,Senegal,0,1
England,Sweden,1,1
Korea Republic,Croatia,2,0
Australia,France,1,1
Korea Republic,Croatia,1,1
Spain,Mexico,1,0
Uruguay,Argentina,1,1
Australia,Uruguay,1,0
Uruguay,Australia,3,0
Senegal,Algeria,1,0
Saudi Arabia,Iceland,1,0
Algeria,Nigeria,0,1
Mexico,Korea Republic,0,0
Costa Rica,Korea Republic,3,1
Senegal,Tunisia,0,0
Saudi Arabia,Brazil,0,1
Nigeria,Senegal,1,2
Mexico,Serbia,1,2
Saudi Arabia,Denmark,0,1
Spain,Portugal,1,1
Uruguay,Korea Republic,2,1
Brazil,Iceland,6,1
Tunisia,Korea Republic,0,0
Brazil,Serbia,1,0
Poland,Japan,0,2
Saudi Arabia,Uruguay,3,2
Sweden,Switzerland,1,1
France,Russia,0,0
Germany,Argentina,0,1
Japan,Costa Rica,1,1
Portugal,Brazil,1,1
Korea Republic,Costa Rica,2,0
Costa Rica,Colombia,1,2
Mexico,Colombia,2,1
Belgium,Algeria,0,0
Saudi Arabia,Senegal,3,2
France,Belgium,1,2
Russia,Serbia,1,1
Korea Republic,England,1,1
Japan,Sweden,1,1
Belgium,Costa Rica,1,0
Denmark,Tunisia,2,1
Korea Republic,France,2,3
France,Senegal,0,1
Germany,Saudi Arabia,8,0
Uruguay,Denmark,1,2
Argentina,Nigeria,1,0
England,Sweden,1,1
Croatia,Mexico,0,1
Japan,Belgium,2,2
Korea Republic,Poland,2,0
Russia,Tunisia,2,0
Denmark,Senegal,1,1
France,Uruguay,0,0
Argentina,England,0,1
Sweden,Nigeria,2,1
Japan,Russia,1,0
Portugal,Poland,4,0
Tunisia,Belgium,1,1
Denmark,France,2,0
Senegal,Uruguay,3,3
Nigeria,England,0,0
Sweden,Argentina,1,1
Costa Rica,Brazil,2,5
Belgium,Russia,3,2
Japan,Tunisia,2,0
Korea Republic,Portugal,1,0
Denmark,England,0,3
Sweden,Senegal,1,2
Brazil,Belgium,2,0
England,Brazil,1,2
Korea Republic,Spain,0,0
Korea Republic,Germany,0,1
Germany,Brazil,0,2
Poland,Belgium,1,1
Russia,Sweden,1,1
Tunisia,France,1,1
England,Portugal,1,1
Iran,Morocco,1,1
Portugal,Tunisia,1,1
Senegal,Nigeria,2,2
Sweden,Portugal,2,3
Denmark,Poland,2,0
France,Serbia,3,0
Japan,Argentina,0,2
Korea Republic,Brazil,2,3
Mexico,Argentina,0,1
Uruguay,Iran,1,1
Algeria,Belgium,1,3
Croatia,Poland,0,0
England,Australia,1,3
Mexico,Colombia,0,0
Morocco,Senegal,1,0
Spain,Germany,3,1
Tunisia,Sweden,1,0
Panama,Costa Rica,0,1
Japan,Uruguay,2,2
Croatia,Belgium,4,0
Korea Republic,Colombia,0,0
Portugal,Brazil,2,1
Korea Republic,Japan,0,1
Belgium,Poland,3,1
Germany,Serbia,1,0
Mexico,Brazil,0,0
Sweden,Croatia,1,2
Tunisia,Senegal,1,0
Japan,Korea Republic,0,1
England,Serbia,2,1
Switzerland,Russia,2,2
Japan,Argentina,1,4
Korea Republic,Uruguay,0,2
Korea Republic,Argentina,0,1
Nigeria,Brazil,0,3
Sweden,Poland,3,0
France,Colombia,1,0
France,Japan,2,1
Japan,Colombia,0,1
Mexico,Brazil,1,0
Argentina,Uruguay,2,2
Colombia,Brazil,0,2
Mexico,Costa Rica,2,0
Peru,Uruguay,3,4
Mexico,Brazil,1,0
Uruguay,Peru,1,0
Argentina,Uruguay,3,2
England,Croatia,3,1
Japan,Nigeria,3,0
Mexico,Peru,1,3
Switzerland,France,0,2
Iceland,Germany,0,0
Portugal,Spain,0,3
Colombia,Brazil,1,2
Belgium,Croatia,2,1
Japan,Senegal,0,1
Poland,Sweden,0,2
Russia,Switzerland,4,1
Tunisia,Japan,0,1
Germany,Iceland,3,0
Tunisia,Morocco,0,0
Mexico,Uruguay,0,2
Germany,France,0,3
England,Denmark,2,3
Peru,Brazil,1,1
Poland,Serbia,4,3
Brazil,Uruguay,3,3
Colombia,Argentina,1,1
Mexico,Iceland,0,0
Japan,Korea Republic,0,0
Nigeria,Morocco,0,1
Tunisia,Senegal,1,0
Morocco,Algeria,3,1
Tunisia,Nigeria,1,1
Tunisia,Morocco,2,1
Belgium,France,0,2
Croatia,Germany,1,2
Morocco,Switzerland,2,1
Portugal,England,1,1
Spain,Peru,2,1
Germany,Belgium,3,0
Mexico,Costa Rica,2,0
Peru,Colombia,0,2
Spain,Denmark,2,0
Sweden,England,1,0
Morocco,Argentina,0,1
Portugal,Sweden,2,2
France,Brazil,0,0
Iceland,Japan,2,3
England,Japan,1,1
Uruguay,Peru,1,3
Brazil,Argentina,3,1
Switzerland,Germany,0,2
Denmark,Croatia,1,2
England,Iceland,6,1
Sweden,Poland,3,1
Colombia,Uruguay,5,0
Spain,Russia,1,0
France,England,2,1
Switzerland,Croatia,0,0
Portugal,Russia,2,0
Croatia,France,2,2
England,Switzerland,3,0
Portugal,Spain,1,0
Croatia,England,2,4
Switzerland,France,1,3
Denmark,Sweden,2,2
Portugal,England,2,2
Argentina,Colombia,0,2
Argentina,Peru,2,1
Nigeria,Algeria,1,0
Mexico,Uruguay,2,2
Argentina,Mexico,0,1
Brazil,Costa Rica,4,1
Peru,Colombia,2,2
Argentina,Uruguay,4,2
Japan,Serbia,1,0
Colombia,Costa Rica,2,0
Peru,Argentina,0,1
Mexico,Brazil,0,4
Argentina,Colombia,3,0
Uruguay,Brazil,1,1
Colombia,Uruguay,1,2
Argentina,Brazil,2,2
Japan,Iran,0,0
Korea Republic,Iran,3,4
Japan,Argentina,1,2
Poland,Denmark,1,5
Morocco,Tunisia,1,1
Peru,Argentina,1,3
Germany,Brazil,1,1
Poland,England,1,2
Sweden,Croatia,0,1
Argentina,Uruguay,4,2
Iran,Germany,0,2
Spain,Belgium,2,0
Brazil,Colombia,0,0
Iceland,Sweden,1,4
Portugal,Russia,7,1
Algeria,Senegal,1,2
Belgium,Serbia,0,2
France,Poland,0,0
Spain,England,1,0
Japan,Germany,0,3
Iran,Panama,1,0
Korea Republic,Germany,3,1
Colombia,Korea Republic,2,1
Sweden,Korea Republic,1,1
Mexico,Sweden,0,0
Costa Rica,Mexico,1,2
France,Sweden,1,1
Germany,Argentina,2,2
Mexico,Colombia,1,1
Panama,Costa Rica,0,1
Mexico,Argentina,1,1
Iran,Japan,2,1
Saudi Arabia,Korea Republic,2,0
Costa Rica,Panama,2,1
Croatia,Iceland,4,0
France,Switzerland,0,0
Brazil,Peru,1,0
Argentina,Colombia,1,0
Panama,Mexico,1,1
Uruguay,Brazil,1,1
Mexico,Poland,1,1
Japan,Peru,0,1
Colombia,England,2,3
Colombia,Peru,5,0
Peru,Uruguay,0,0
Argentina,Brazil,3,1
Germany,Russia,2,2
Argentina,Tunisia,2,1
Germany,Australia,4,3
Japan,Mexico,1,2
Australia,Argentina,2,4
Germany,Tunisia,3,0
Mexico,Brazil,1,0
Australia,Tunisia,0,2
Germany,Argentina,2,2
Japan,Brazil,2,2
Germany,Brazil,2,3
Mexico,Argentina,1,1
Brazil,Argentina,4,1
Germany,Mexico,4,3
Colombia,Panama,0,1
Mexico,Colombia,1,2
Colombia,Panama,2,3
Korea Republic,Japan,0,1
Poland,Serbia,3,2
Croatia,Brazil,1,1
Denmark,England,4,1
Japan,Iran,2,1
Korea Republic,Saudi Arabia,0,1
Mexico,Costa Rica,2,0
Spain,Uruguay,2,0
Iceland,Croatia,1,3
Panama,Costa Rica,1,3
Algeria,Nigeria,2,5
Uruguay,Colombia,3,2
Mexico,Panama,5,0
Russia,Portugal,0,0
Spain,Serbia,1,1
Poland,Iceland,3,2
Belgium,Spain,0,2
Croatia,Sweden,1,0
Switzerland,France,1,1
Tunisia,Morocco,2,2
Argentina,Peru,2,0
England,Poland,2,1
Korea Republic,Iran,2,0
Sweden,Iceland,3,1
Uruguay,Argentina,1,0
Mexico,Uruguay,3,1
France,Costa Rica,3,2
England,Argentina,3,2
France,Germany,0,0
Korea Republic,Sweden,2,2
Portugal,Croatia,2,0
Uruguay,Australia,1,0
Australia,Uruguay,1,0
Korea Republic,Serbia,2,0
Saudi Arabia,Sweden,1,1
Korea Republic,Croatia,2,0
Nigeria,Senegal,2,1
Nigeria,Tunisia,1,1
Senegal,Nigeria,0,1
Costa Rica,Korea Republic,1,0
Mexico,Korea Republic,0,1
Argentina,Croatia,2,3
England,Uruguay,2,1
Iran,Costa Rica,3,2
Russia,Brazil,0,1
Saudi Arabia,Portugal,0,3
Tunisia,Serbia,0,1
Saudi Arabia,Poland,1,2
Belgium,Saudi Arabia,2,1
Korea Republic,Senegal,1,1
France,Mexico,1,0
Spain,Russia,0,0
Croatia,Iran,2,2
Germany,Japan,2,2
Poland,Colombia,1,2
France,Denmark,2,0
Germany,Colombia,3,0
Tunisia,Uruguay,0,0
Croatia,Poland,0,1
Colombia,Morocco,2,0
Spain,Croatia,2,1
Germany,Costa Rica,4,2
Mexico,Iran,3,1
Australia,Japan,3,1
Brazil,Croatia,1,0
France,Switzerland,0,0
Germany,Poland,1,0
Tunisia,Saudi Arabia,2,2
Argentina,Serbia,6,0
Portugal,Iran,2,0
Brazil,Australia,2,0
France,Korea Republic,1,1
Japan,Croatia,0,0
Spain,Tunisia,3,1
Costa Rica,Poland,1,2
Sweden,England,2,2
Portugal,Mexico,2,1
Croatia,Australia,2,2
Japan,Brazil,1,4
Saudi Arabia,Spain,0,1
Switzerland,Korea Republic,2,0
Argentina,Mexico,2,1
Germany,Sweden,2,0
Spain,France,1,3
Germany,Argentina,1,1
Brazil,France,0,1
England,Portugal,0,0
Portugal,France,0,1
Germany,Portugal,3,1
Iceland,Spain,0,0
Denmark,Poland,2,0
Germany,Sweden,3,0
Peru,Panama,0,2
Denmark,Portugal,4,2
Korea Republic,Iran,1,1
Argentina,Brazil,0,3
Saudi Arabia,Japan,1,0
Iceland,Denmark,0,2
Poland,Serbia,1,1
Russia,Croatia,0,0
Switzerland,Costa Rica,2,0
Sweden,Spain,2,0
Croatia,England,2,0
Iceland,Sweden,1,2
Poland,Portugal,2,1
Spain,Argentina,2,1
Belgium,Poland,0,1
Iran,Korea Republic,2,0
Japan,Saudi Arabia,3,1
Switzerland,Brazil,1,2
Panama,Peru,1,2
Australia,Denmark,1,3
Portugal,Brazil,2,0
Colombia,Uruguay,1,3
England,Spain,0,1
France,Argentina,0,1
Germany,Switzerland,3,1
Morocco,Tunisia,1,1
Panama,Costa Rica,1,0
Costa Rica,Panama,1,1
Japan,Peru,2,0
Korea Republic,Uruguay,0,2
Portugal,Belgium,4,0
Spain,Denmark,2,1
Colombia,Switzerland,3,1
Germany,Denmark,0,1
Spain,Iceland,1,0
Panama,Colombia,0,4
England,Brazil,1,1
Australia,Uruguay,1,2
Belgium,Portugal,1,2
Denmark,Sweden,0,3
Mexico,Iran,4,0
Switzerland,Argentina,1,1
Algeria,Argentina,3,4
Japan,Colombia,0,0
Croatia,Russia,0,0
Sweden,Iceland,5,0
Mexico,Panama,1,0
Mexico,Costa Rica,1,0
Uruguay,Peru,0,3
Brazil,Mexico,0,2
Argentina,Colombia,4,2
Argentina,Peru,4,0
Uruguay,Brazil,2,2
Korea Republic,Saudi Arabia,1,1
Mexico,Argentina,0,3
Mexico,Uruguay,3,1
Brazil,Argentina,3,0
Japan,Australia,1,1
Iran,Korea Republic,0,0
Japan,Saudi Arabia,2,3
Korea Republic,Japan,0,0
Algeria,Brazil,0,2
Belgium,Serbia,3,2
Costa Rica,Peru,1,1
England,Germany,1,2
Mexico,Colombia,0,1
Russia,Poland,2,2
Iceland,Spain,1,1
Peru,Colombia,2,2
Portugal,Poland,2,2
Sweden,Denmark,0,0
Mexico,Panama,1,0
Australia,Argentina,0,1
Switzerland,Japan,3,4
England,Russia,3,0
Mexico,Brazil,1,3
Portugal,Serbia,1,1
Denmark,Spain,1,3
Colombia,Brazil,0,0
Mexico,Nigeria,2,2
Russia,England,2,1
France,Morocco,2,2
Australia,Nigeria,1,0
Poland,Belgium,2,0
Spain,Sweden,3,0
Peru,Brazil,1,1
Colombia,Argentina,2,1
Switzerland,Nigeria,0,1
Brazil,Uruguay,2,1
Denmark,Iceland,3,0
England,Croatia,2,3
Morocco,Senegal,3,0
Panama,Costa Rica,1,1
Costa Rica,Sweden,0,1
Tunisia,Senegal,2,2
Iran,Costa Rica,0,0
England,Switzerland,2,1
Spain,France,1,0
Uruguay,Colombia,2,2
Japan,Korea Republic,1,1
Belgium,Morocco,1,4
Brazil,Sweden,1,0
France,England,1,0
Peru,Costa Rica,3,1
Switzerland,Germany,0,4
Russia,Serbia,2,1
Germany,Serbia,2,1
Senegal,Algeria,1,0
Spain,Peru,2,1
Poland,Denmark,1,1
France,Colombia,1,0
Mexico,Argentina,1,4
Germany,Poland,2,0
Mexico,Peru,4,0
Spain,Russia,4,1
Croatia,Germany,2,1
Peru,Colombia,1,1
Sweden,Spain,1,2
Switzerland,Portugal,2,0
Poland,Croatia,0,1
Uruguay,Peru,6,0
Russia,Sweden,2,0
Portugal,Germany,2,3
Russia,Spain,0,3
Germany,Spain,0,1
Denmark,Spain,0,3
Germany,Belgium,2,0
Japan,Uruguay,1,3
Sweden,France,2,3
Algeria,Senegal,3,2
Colombia,Uruguay,0,1
Saudi Arabia,Iran,1,1
Croatia,England,1,4
France,Serbia,2,1
Peru,Argentina,1,1
Portugal,Denmark,2,3
Argentina,Uruguay,2,1
Germany,Russia,2,1
Sweden,Portugal,0,0
France,Tunisia,3,1
Belgium,Spain,1,2
Brazil,Colombia,0,0
Brazil,Portugal,6,2
Colombia,Nigeria,1,0
France,Uruguay,0,0
Germany,England,1,2
Saudi Arabia,Korea Republic,0,2
Costa Rica,Panama,3,0
Mexico,Sweden,0,1
Costa Rica,Panama,0,0
France,Argentina,0,2
Iran,Korea Republic,1,1
Japan,Australia,0,0
Spain,England,2,0
Iran,Saudi Arabia,1,2
Mexico,Costa Rica,2,0
Portugal,Sweden,0,0
Iran,Senegal,1,1
Argentina,Panama,3,1
Japan,Belgium,4,0
France,Nigeria,0,1
Argentina,Colombia,1,0
Sweden,Denmark,0,1
Uruguay,Brazil,0,4
Colombia,Peru,1,0
Korea Republic,Saudi Arabia,0,0
Australia,Japan,2,1
Korea Republic,Iran,1,1
Tunisia,Nigeria,0,0
Mexico,Panama,1,1
Costa Rica,Mexico,1,1
Algeria,Uruguay,1,0
Russia,Argentina,2,3
Argentina,Brazil,1,3
Costa Rica,Mexico,0,3
Denmark,Portugal,1,1
Korea Republic,Australia,3,1
Peru,Uruguay,1,0
Spain,Belgium,5,0
Nigeria,Tunisia,2,2
England,Croatia,5,1
Mexico,Colombia,1,2
Argentina,Peru,2,1
Denmark,Sweden,1,0
Russia,Germany,0,1
Korea Republic,Senegal,2,0
Tunisia,Saudi Arabia,0,1
Uruguay,Argentina,0,1
Iran,Iceland,1,0
Brazil,England,1,0
Costa Rica,Uruguay,0,1
Denmark,Korea Republic,0,0
Spain,Argentina,2,1
Korea Republic,Serbia,0,1
Uruguay,Costa Rica,1,1
Argentina,Costa Rica,3,2
Nigeria,Algeria,1,0
Japan,Korea Republic,1,3
Algeria,Serbia,0,3
Belgium,Croatia,0,1
France,Spain,0,2
Germany,Argentina,0,1
Switzerland,Uruguay,1,3
Mexico,Iceland,0,0
Japan,Serbia,0,3
Mexico,Senegal,1,0
England,Mexico,3,1
Japan,Korea Republic,0,2
Nigeria,Saudi Arabia,0,0
France,Costa Rica,2,1
Denmark,Senegal,2,0
Spain,Saudi Arabia,3,2
Japan,England,1,2
Nigeria,Colombia,1,1
Tunisia,France,1,1
Australia,Denmark,1,0
Switzerland,Costa Rica,0,1
Spain,Korea Republic,1,0
Spain,Poland,6,0
Uruguay,France,0,0
Argentina,Nigeria,1,0
Germany,Australia,4,0
Spain,Switzerland,0,1
Argentina,Korea Republic,4,1
France,Mexico,0,2
England,Algeria,0,0
Germany,Serbia,0,1
Mexico,Uruguay,0,1
Nigeria,Korea Republic,2,2
Australia,Serbia,2,1
Denmark,Japan,1,3
Portugal,Brazil,0,0
Uruguay,Korea Republic,2,1
Argentina,Mexico,3,1
Germany,England,4,1
Spain,Portugal,1,0
Argentina,Germany,0,4
Germany,Spain,0,1
Uruguay,Germany,2,3
Denmark,Germany,2,2
Korea Republic,Nigeria,2,1
Mexico,Spain,1,1
Belgium,Germany,0,1
Panama,Costa Rica,2,2
Switzerland,Australia,0,0
Argentina,Spain,4,1
Denmark,Iceland,1,0
Korea Republic,Iran,0,1
Mexico,Colombia,1,0
Poland,Australia,1,2
Switzerland,England,1,3
Iran,Brazil,0,3
Japan,Argentina,1,0
Peru,Costa Rica,2,0
Portugal,Denmark,3,1
Iceland,Portugal,1,3
Korea Republic,Japan,0,0
Panama,Peru,1,0
Argentina,Brazil,1,0
Colombia,Peru,1,1
England,France,1,2
Portugal,Spain,4,0
Russia,Belgium,0,2
Sweden,Germany,0,0
Australia,Korea Republic,1,1
Saudi Arabia,Japan,0,5
Panama,Costa Rica,1,1
Iran,Korea Republic,0,1
Japan,Korea Republic,2,2
Australia,Japan,0,1
Peru,Panama,1,0
Argentina,Portugal,2,1
Denmark,England,1,2
France,Brazil,1,0
Iran,Russia,1,0
Spain,Colombia,1,0
Algeria,Morocco,1,0
Costa Rica,Argentina,0,0
France,Croatia,0,0
Germany,Australia,1,2
Germany,Uruguay,2,1
Japan,Peru,0,0
Nigeria,Argentina,4,1
Korea Republic,Serbia,2,1
England,Switzerland,2,2
Iceland,Denmark,0,2
Morocco,Algeria,4,0
Poland,Argentina,2,1
Australia,Serbia,0,0
Poland,France,0,1
Mexico,Costa Rica,4,1
Colombia,Mexico,0,0
Colombia,Senegal,2,0
Peru,Senegal,1,0
Colombia,Costa Rica,1,0
Uruguay,Peru,1,1
Argentina,Colombia,0,0
Peru,Mexico,1,0
Argentina,Costa Rica,3,0
Uruguay,Mexico,1,0
Argentina,Uruguay,1,1
Colombia,Peru,0,2
Peru,Uruguay,0,2
Germany,Brazil,3,2
Japan,Korea Republic,3,0
Russia,Serbia,1,0
Senegal,Morocco,0,2
Poland,Mexico,1,1
Argentina,Nigeria,3,1
Poland,Germany,2,2
Saudi Arabia,Australia,1,3
Argentina,Brazil,0,0
Brazil,Argentina,2,0
Costa Rica,Brazil,0,1
Korea Republic,Poland,2,2
Portugal,Iceland,5,3
Denmark,Portugal,2,1
Germany,Belgium,3,1
Mexico,Brazil,1,2
Denmark,Sweden,2,0
Mexico,Serbia,2,0
Panama,Costa Rica,2,0
Algeria,Tunisia,1,0
England,Spain,1,0
Colombia,Argentina,1,2
Costa Rica,Spain,2,2
England,Sweden,1,0
France,Belgium,0,0
Morocco,Tunisia,1,2
Japan,Iceland,3,1
Australia,Saudi Arabia,4,2
Croatia,Sweden,1,3
Denmark,Russia,0,2
Germany,France,1,2
Mexico,Colombia,0,2
Poland,Portugal,0,0
Switzerland,Argentina,1,3
Tunisia,Peru,1,1
Peru,Nigeria,1,0
Morocco,Senegal,0,1
Russia,Uruguay,1,1
Denmark,Brazil,1,3
Spain,Serbia,2,0
Switzerland,Germany,5,3
France,Iceland,3,2
Spain,Korea Republic,4,1
Sweden,Iceland,3,2
France,Serbia,2,0
Denmark,Australia,2,0
England,Belgium,1,0
Mexico,Brazil,2,0
Peru,Colombia,0,1
Sweden,Serbia,2,1
Brazil,Argentina,3,4
Germany,Portugal,1,0
Uruguay,Peru,4,2
France,England,1,1
Australia,Japan,1,1
Poland,Russia,1,1
Denmark,Portugal,2,3
Sweden,England,2,3
Denmark,Germany,1,2
Croatia,Spain,0,1
Saudi Arabia,Morocco,4,0
Sweden,France,2,0
Spain,France,2,0
Portugal,Spain,0,0
Costa Rica,Peru,0,1
Croatia,Switzerland,2,4
France,Uruguay,0,0
Germany,Argentina,1,3
Iran,Tunisia,2,2
Portugal,Panama,2,0
Sweden,Brazil,0,3
Colombia,Uruguay,4,0
Costa Rica,Mexico,0,2
Spain,Saudi Arabia,5,0
Belgium,Croatia,1,1
Mexico,Costa Rica,1,0
Peru,Argentina,1,1
Brazil,Argentina,2,1
Argentina,Uruguay,3,0
France,Japan,0,1
Russia,Portugal,1,0
Germany,Sweden,4,4
Iceland,Switzerland,0,2
Iran,Korea Republic,1,0
Japan,Brazil,0,4
Spain,France,1,1
Poland,England,1,1
Brazil,Colombia,1,1
Korea Republic,Australia,1,2
Panama,Spain,1,5
Poland,Uruguay,1,3
Saudi Arabia,Argentina,0,0
Sweden,England,4,2
Tunisia,Switzerland,1,2
Argentina,Brazil,2,1
Iran,Saudi Arabia,0,0
Tunisia,Algeria,1,0
Croatia,Korea Republic,4,0
England,Brazil,2,1
France,Germany,1,2
Iceland,Russia,0,2
Panama,Costa Rica,2,2
Spain,Uruguay,3,1
Sweden,Argentina,2,3
Croatia,Serbia,2,0
Russia,Brazil,1,1
France,Spain,0,1
Mexico,Peru,0,0
Mexico,Nigeria,2,2
Panama,Peru,1,2
Brazil,England,2,2
Japan,Australia,1,1
Uruguay,France,1,0
Argentina,Colombia,0,0
Belgium,Serbia,2,1
Panama,Mexico,0,0
Portugal,Russia,1,0
Brazil,France,3,0
Croatia,Portugal,0,1
Colombia,Peru,2,0
Mexico,Costa Rica,0,0
Brazil,Japan,3,0
Spain,Uruguay,2,1
Costa Rica,Panama,2,0
Korea Republic,Iran,0,1
Brazil,Mexico,2,0
Nigeria,Uruguay,1,2
Japan,Mexico,1,2
Nigeria,Spain,0,3
Brazil,Uruguay,2,1
Brazil,Spain,3,0
Mexico,Panama,1,2
Morocco,Tunisia,0,0
Korea Republic,Australia,0,0
Panama,Mexico,2,1
Japan,Australia,3,2
Korea Republic,Japan,1,2
Belgium,France,0,0
Colombia,Serbia,1,0
Japan,Uruguay,2,4
Korea Republic,Peru,0,0
Poland,Denmark,3,2
Switzerland,Brazil,1,0
Peru,Uruguay,1,2
Switzerland,Iceland,4,4
Brazil,Australia,6,0
Brazil,Portugal,3,1
Korea Republic,Croatia,1,2
Uruguay,Colombia,2,0
Argentina,Peru,3,1
Croatia,Belgium,1,2
France,Australia,6,0
Mexico,Panama,2,1
Korea Republic,Brazil,0,2
Costa Rica,Mexico,2,1
England,Poland,2,0
Sweden,Germany,3,5
Uruguay,Argentina,3,2
Belgium,Colombia,0,2
Iceland,Croatia,0,0
Korea Republic,Switzerland,2,1
Portugal,Sweden,1,0
Russia,Serbia,1,1
Australia,Costa Rica,1,0
Belgium,Japan,2,3
Croatia,Iceland,2,0
England,Germany,0,1
Russia,Korea Republic,2,1
Sweden,Portugal,2,3
Iceland,Sweden,0,2
Costa Rica,Korea Republic,0,1
Morocco,Nigeria,3,4
Mexico,Korea Republic,4,0
Colombia,Tunisia,1,1
England,Denmark,1,0
Switzerland,Croatia,2,2
Germany,Poland,0,0
Denmark,Sweden,1,0
Korea Republic,Tunisia,0,1
England,Peru,3,0
Colombia,Senegal,2,2
Sweden,Belgium,0,2
Costa Rica,Japan,1,3
Brazil,Panama,4,0
Switzerland,Peru,2,0
Brazil,Serbia,1,0
Croatia,Australia,1,0
Mexico,Portugal,0,1
Russia,Morocco,2,0
Belgium,Tunisia,1,0
Brazil,Croatia,3,1
Uruguay,Costa Rica,1,3
Germany,Portugal,4,0
Iran,Nigeria,0,0
Belgium,Algeria,2,1
Brazil,Mexico,0,0
Russia,Korea Republic,1,1
Uruguay,England,2,1
Switzerland,France,2,5
Argentina,Iran,1,0
Belgium,Russia,1,0
Korea Republic,Algeria,2,4
Australia,Spain,0,3
Croatia,Mexico,1,3
Costa Rica,England,0,0
Japan,Colombia,1,4
Nigeria,Argentina,2,3
Algeria,Russia,1,1
Korea Republic,Belgium,0,1
Colombia,Uruguay,2,0
France,Nigeria,2,0
Germany,Algeria,2,1
Argentina,Switzerland,1,0
Brazil,Colombia,2,1
France,Germany,0,1
Argentina,Belgium,1,0
Brazil,Germany,1,7
Germany,Argentina,1,0
Germany,Argentina,2,4
Belgium,Australia,2,0
France,Spain,1,0
Japan,Uruguay,0,2
Costa Rica,Panama,2,2
Australia,Saudi Arabia,3,2
Korea Republic,Uruguay,0,1
Switzerland,England,0,2
Sweden,Russia,1,1
Saudi Arabia,Uruguay,1,1
Senegal,Tunisia,0,0
Argentina,Brazil,0,2
France,Portugal,2,1
Poland,Germany,2,0
Mexico,Panama,1,0
Denmark,Portugal,0,1
Japan,Brazil,0,4
Korea Republic,Costa Rica,1,3
Tunisia,Senegal,1,0
Argentina,Croatia,2,1
Belgium,Iceland,3,1
Uruguay,Costa Rica,3,3
France,Sweden,1,0
Iran,Korea Republic,1,0
Japan,Australia,2,1
Portugal,Argentina,1,0
Spain,Germany,0,1
Korea Republic,Saudi Arabia,2,0
Tunisia,Algeria,1,1
Australia,Korea Republic,0,1
Senegal,Algeria,0,2
Australia,Korea Republic,2,1
Germany,Australia,2,2
France,Brazil,1,3
Japan,Tunisia,2,0
Morocco,Uruguay,0,1
France,Denmark,2,0
Portugal,Serbia,2,1
Panama,Costa Rica,2,1
Sweden,Iran,3,1
Colombia,Costa Rica,1,0
Brazil,Mexico,2,0
France,Belgium,3,4
Spain,Costa Rica,2,1
Denmark,Serbia,2,0
Brazil,Peru,2,1
Morocco,Tunisia,1,1
Argentina,Uruguay,1,0
Brazil,Colombia,0,1
Colombia,Peru,0,0
Argentina,Colombia,0,0
Mexico,Costa Rica,2,2
Mexico,Costa Rica,1,0
Panama,Mexico,1,2
Japan,Korea Republic,1,1
Germany,Poland,3,1
Portugal,France,0,1
Costa Rica,Brazil,0,1
Russia,Sweden,1,0
France,Serbia,2,1
England,Switzerland,2,0
Mexico,Argentina,2,2
Colombia,Peru,2,0
Portugal,Denmark,1,0
Denmark,France,1,2
Algeria,Senegal,1,0
Iran,Japan,1,1
Uruguay,Colombia,3,0
Tunisia,Morocco,2,3
Argentina,Brazil,1,1
France,Germany,2,0
Poland,Iceland,4,2
Spain,England,2,0
Russia,Portugal,1,0
Sweden,Denmark,2,1
Brazil,Peru,3,0
Colombia,Argentina,0,1
Denmark,Sweden,2,2
England,France,2,0
Russia,Croatia,1,3
Tunisia,Nigeria,1,1
Poland,Serbia,1,0
Denmark,Iceland,2,1
Brazil,Uruguay,2,2
Germany,England,2,3
France,Russia,4,2
Portugal,Belgium,2,1
Uruguay,Peru,1,0
England,Australia,2,1
Switzerland,Belgium,1,2
Spain,Korea Republic,6,1
England,Portugal,1,0
Mexico,Uruguay,3,1
Russia,Serbia,1,1
Argentina,Panama,5,0
Colombia,Costa Rica,2,3
England,Russia,1,1
Brazil,Peru,0,1
Portugal,Iceland,1,1
Germany,Poland,0,0
Peru,Colombia,0,0
France,Switzerland,0,0
Croatia,Spain,2,1
Sweden,Belgium,0,1
Croatia,Portugal,0,1
Switzerland,Poland,1,1
England,Iceland,1,2
Poland,Portugal,1,1
France,Iceland,5,2
France,Germany,2,0
France,Portugal,0,1
Argentina,Uruguay,1,0
Belgium,Spain,0,2
Brazil,Colombia,2,1
Costa Rica,Panama,3,1
Switzerland,Portugal,2,0
Peru,Argentina,2,2
Saudi Arabia,Australia,2,2
Poland,Denmark,3,2
Russia,Costa Rica,3,4
Australia,Japan,1,1
Colombia,Uruguay,2,2
Iran,Korea Republic,1,0
Mexico,Panama,1,0
Brazil,Argentina,3,0
France,Sweden,2,1
Croatia,Iceland,2,0
Nigeria,Algeria,3,1
Argentina,Colombia,3,0
England,Spain,2,2
Japan,Saudi Arabia,2,1
Panama,Mexico,0,0
Peru,Brazil,0,2
Tunisia,Senegal,0,2
Algeria,Tunisia,1,2
Panama,Costa Rica,1,0
Senegal,Algeria,2,2
Brazil,Colombia,1,0
Mexico,Iceland,1,0
Germany,England,1,0
Nigeria,Senegal,1,1
Uruguay,Brazil,1,4
Mexico,Costa Rica,2,0
France,Spain,0,2
Morocco,Tunisia,1,0
Peru,Uruguay,2,1
Portugal,Sweden,2,3
Russia,Belgium,3,3
Mexico,Croatia,1,2
Denmark,Germany,1,1
Spain,Colombia,2,2
Australia,Saudi Arabia,3,2
Costa Rica,Panama,0,0
Argentina,Brazil,1,0
Sweden,France,2,1
Iceland,Croatia,1,0
Australia,Brazil,0,4
France,England,3,2
Portugal,Mexico,2,2
Australia,Germany,2,3
Russia,Portugal,0,1
Russia,Mexico,1,2
Germany,Mexico,4,1
Portugal,Mexico,2,1
Costa Rica,Panama,1,0
Japan,Australia,2,0
Korea Republic,Iran,0,0
Uruguay,Argentina,0,0
Denmark,Poland,4,0
Mexico,Panama,1,0
Colombia,Brazil,1,1
Costa Rica,Mexico,1,1
Saudi Arabia,Japan,1,0
Argentina,Peru,0,0
Russia,Korea Republic,4,2
Korea Republic,Morocco,1,3
Panama,Costa Rica,2,1
Peru,Colombia,1,1
Portugal,Switzerland,2,0
Russia,Iran,1,1
Iran,Panama,2,1
Algeria,Nigeria,3,0
Belgium,Mexico,3,3
England,Germany,0,0
Japan,Brazil,1,3
Korea Republic,Colombia,2,1
Poland,Uruguay,0,0
Portugal,Saudi Arabia,3,0
Russia,Argentina,0,1
Spain,Costa Rica,5,0
Poland,Mexico,0,1
Argentina,Nigeria,2,4
Belgium,Japan,1,0
England,Brazil,0,0
Germany,France,2,2
Korea Republic,Serbia,1,1
Russia,Spain,3,3
Japan,Korea Republic,1,4
Denmark,Sweden,0,1
Denmark,Panama,1,0
France,Colombia,2,3
Germany,Spain,1,1
Mexico,Iceland,3,0
Peru,Croatia,2,0
Poland,Nigeria,0,1
Russia,Brazil,0,3
Tunisia,Iran,1,0
Algeria,Iran,1,2
Australia,Colombia,0,0
Belgium,Saudi Arabia,4,0
Germany,Brazil,0,1
Mexico,Croatia,0,1
Peru,Iceland,3,1
Poland,Korea Republic,3,2
Russia,France,1,3
Spain,Argentina,6,1
Switzerland,Panama,6,0
Tunisia,Costa Rica,1,0
Algeria,Saudi Arabia,0,2
Portugal,Tunisia,2,2
England,Nigeria,2,1
Sweden,Denmark,0,0
Belgium,Portugal,0,0
Saudi Arabia,Peru,0,3
Spain,Switzerland,1,1
Croatia,Brazil,0,2
England,Costa Rica,2,0
Portugal,Algeria,3,0
Germany,Saudi Arabia,2,1
Croatia,Senegal,2,1
Switzerland,Japan,2,0
Denmark,Mexico,2,0
Sweden,Peru,0,0
Tunisia,Spain,1,0
Korea Republic,Senegal,0,2
Belgium,Costa Rica,4,1
Serbia,Uruguay,1,0
Serbia,Russia,1,2
Serbia,Russia,0,0
Serbia,Spain,1,1
Serbia,Korea Republic,3,1
Serbia,Nigeria,3,0
Serbia,Japan,1,0
Serbia,Iran,1,0
Serbia,Switzerland,1,1
Serbia,Croatia,0,0
Serbia,Spain,3,4
Serbia,Japan,1,0
Serbia,Switzerland,1,1
Serbia,Russia,0,1
Serbia,Spain,0,0
Serbia,Belgium,0,0
Serbia,Uruguay,1,1
Serbia,Belgium,1,0
Serbia,Portugal,1,1
Serbia,Poland,2,2
Serbia,Poland,0,1
Serbia,Sweden,2,0
Serbia,France,1,1
Serbia,Poland,0,0
Serbia,Belgium,0,3
Serbia,Croatia,1,1
Serbia,Japan,2,0
Serbia,France,1,1
Serbia,Denmark,1,3
Serbia,Portugal,1,2
Serbia,Morocco,1,2
Serbia,Nigeria,2,0